smiles,t_half,Vd,CL,F,PPB,Cmax,Tmax
Br.CN(C)CCCC1(c2ccc(F)cc2)OCc2cc(C#N)ccc21,24.326847973174374,888.3649226159079,30.272342213256657,51.803342175882015,91.71319189768296,0.38853648841210775,2.9188573723851863
C1=N/C2=N/c3ccc(OCCN4CCCC4)c(c3)COC/C=C\COCc3cccc(c3)C(=C1)N2,18.199164340692462,581.5656207784418,25.82946125211123,50.99508162035045,94.0569882993978,0.20471277457982084,3.3816943537005
C1N2CN3CN1CN(C2)C3,3.701565421933332,1043.13791305866,124.59592677714147,96.29876213026351,0.0013966985892416336,2.1731613828974545,1.2557355353360544
C=C(C)[C@@H]1CCC(C)=C[C@H]1c1ccc(CCCCC)cc1O,14.815409618878046,602.6461099983537,37.842604512831834,54.354048428732376,94.41585332983315,0.07890886093109525,2.443005228794432
C=C(F)C(=O)N1CCN(c2nc(OC[C@@H]3CCCN3C)nc3c2CCN(c2cccc4cccc(Cl)c24)C3)C[C@@H]1CC#N,13.010691880135877,314.8188697086271,20.724583974220977,65.08192916549628,91.30570657507917,0.30561047565571686,2.2209718702445653
C=CC(=O)N1C[C@H](Nc2ncnc3[nH]ccc23)CC[C@@H]1C.Cc1ccc(S(=O)(=O)O)cc1,9.539977725946688,100.82388311803228,8.86169992994078,81.15780787681915,86.90742725356678,0.9543404326664912,2.213310587529136
C=CCC1(C(C)CC)C(=O)NC(=O)NC1=O,11.586559838094983,56.59396023715987,3.585427910379428,90.66829846196381,51.3129854759253,8.493427376761256,3.835643816944355
C=CCC1(C(C)CCC)C(=O)[N-]C(=O)NC1=O.[Na+],6.518907698122342,37.23223244096444,5.289481043069056,74.70021544892214,63.70259869814292,13.183229751758017,2.8955259047372106
C=CCC1(CC(C)C)C(=O)NC(=O)NC1=O,11.26822024683656,64.15749087709466,4.274536845710558,89.61885682316701,37.84490376775203,8.959875775761294,4.09815191717812
CC(=O)CC(c1ccccc1)c1c(O)c2ccccc2oc1=O,7.9750570466537685,82.37273657832,10.761160660160373,67.45234996316708,95.13449913522345,1.190359513585889,1.9555509929919448
CC(=O)N(c1onc(C)c1C)S(=O)(=O)c1ccc(N)cc1,18.214087088995026,20.42292827370039,0.7947568862820559,96.29874536397706,96.85300411015015,17.442135152948282,2.5248575798239936
CC(=O)N1CCN(c2ccc(OC[C@@H]3CO[C@@](Cn4ccnc4)(c4ccc(Cl)cc4Cl)O3)cc2)CC1,13.53785121846283,202.43801607311428,11.804462148066827,74.69486496794012,90.80917050365049,0.596914254617687,2.109794483901702
CC(=O)N1CCN(c2ccc(OC[C@H]3CO[C@](Cn4ccnc4)(c4ccc(Cl)cc4Cl)O3)cc2)CC1,12.509214544710288,195.70514665325146,12.419166193829325,74.76651050682173,90.06401312865019,0.5721580704105471,2.0319923621428693
CC(=O)Nc1ccc(O[C@@H]2O[C@H](C(=O)O)[C@@H](O)[C@H](O)[C@H]2O)cc1,7.960332362093317,113.05896160708895,15.31834566413615,25.739431761040187,38.0570704061499,3.604280646225721,1.5808546787386077
CC(=O)Nc1nnc(S(N)(=O)=O)s1,13.27745456748224,38.69738742954319,2.3613519956235085,96.3597261480398,44.37827803720797,20.037164285316674,2.968334707329096
CC(=O)O.O=C(NCC1CCCCN1)c1cc(OCC(F)(F)F)ccc1OCC(F)(F)F,30.859972161716318,307.9518349264584,7.0335977791318305,73.86571528570957,82.6157627621774,1.231170502792464,5.277080470780517
CC(=O)OCC(=O)[C@@]12N=C(C)O[C@@H]1C[C@H]1[C@@H]3CCC4=CC(=O)C=C[C@]4(C)[C@H]3[C@@H](O)C[C@@]12C,5.807084107887667,152.11396570919396,26.635909893782525,59.09900188307344,64.73727850275337,0.21616181216646438,1.5477623866595953
CC(=O)Oc1ccc(C(c2ccc(OC(C)=O)cc2)c2ccccn2)cc1,9.425642366211541,83.74858074725458,8.665531774883553,73.99925731904148,96.44616420117241,1.1642237613949231,2.131394404986942
CC(=O)c1ccc2c(c1)N(CCCN1CCC(CCO)CC1)c1ccccc1S2,17.169570114650185,544.8582484359273,29.92485676184195,58.266671372484815,92.49478786009794,0.22443634309163546,2.6346343958860254
CC(=O)c1ccc2c(c1)N(CCCN1CCN(CCO)CC1)c1ccccc1S2.O=C(O)/C=C\C(=O)O.O=C(O)/C=C\C(=O)O,6.561485422199212,143.35285034136172,20.39129097687707,74.12752471694806,72.16957155130007,0.46939075102136263,2.378336041754214
CC(=O)c1nn(CC(=O)N2C[C@H](F)C[C@H]2C(=O)Nc2cccc(Br)n2)c2ccc(-c3cnc(C)nc3)cc12,11.753195113087177,100.15214036962992,7.369945999656544,77.53591961650558,94.51031719311408,2.8564695289419464,2.1701882560681764
CC(C(=O)O)c1ccc(-c2ccccc2)c(F)c1,16.521919831683135,66.52060884998825,4.194651997557192,80.74719946566671,98.75234845856492,3.5063895226149246,2.376946135792712
CC(C(=O)O)c1cccc(Oc2ccccc2)c1,7.263337629983584,45.08512040737869,6.562277569520648,74.97287599472237,97.91762252077928,2.479214476337504,2.0403618867191287
CC(C)(C(=O)c1cccnc1)c1cccnc1,11.402912456690876,83.14016514580283,5.746695877845277,87.82673777843402,94.36779573691801,4.960531554831153,2.088907824308925
CC(C)(C)NC(=O)[C@@H]1C[C@@H]2CCCC[C@@H]2CN1CC(O)[C@H](Cc1ccccc1)NC(=O)[C@@H](CC(N)=O)NC(=O)c1ccc2ccccc2n1,11.46609384431921,190.11650921993174,16.635194388751902,57.96543056976019,87.81119145837424,0.22275491263676386,2.2240838479964777
CC(C)(C)NCC(O)COc1cccc2c1CCC(=O)N2.Cl,5.048119580869389,212.18051136061158,32.27170889070362,51.04671602415068,55.80079862768847,0.5672205509761553,1.9655670178001492
CC(C)(NC(=O)C1=C(O)[C@@H]2Oc3c(O)ccc4c3[C@@]23CCN(CC2CC2)[C@H](C4)[C@]3(O)C1)c1nc(-c2ccccc2)no1,12.904420197564729,239.74715661466567,17.390900357818165,55.00499552381832,90.06152458893634,0.1999628880771104,1.91971714197424
CC(C)C(=O)Oc1ccc(CO)cc1[C@H](CCN(C(C)C)C(C)C)c1ccccc1,7.3031780488152975,325.64893570117044,33.427996155891144,44.559939767358344,86.4897105122976,0.30717281631593496,1.9502041674059807
CC(C)CC(N(C)C)C1(c2ccc(Cl)cc2)CCC1.Cl.O,15.44219360701313,1046.7565754152997,45.71048805774871,44.2652622965509,92.12911411587498,0.17577319681257622,2.993515338720641
CC(C)C[C@H]1C(=O)N2CCC[C@H]2[C@]2(O)O[C@](NC(=O)[C@@H]3C=C4c5cccc6[nH]c(Br)c(c56)C[C@H]4N(C)C3)(C(C)C)C(=O)N12.Cl,10.025515725859252,166.93037887508765,14.791029082282853,45.67046324393358,87.85714429036115,0.8475172788621396,1.6378772623072742
CC(C)N(CCC(C(N)=O)(c1ccccc1)c1ccccn1)C(C)C.O=P(O)(O)O,5.452223200686213,146.0053247996378,25.480550948848542,51.49221884409759,44.30381778029987,0.6485171974145594,1.6247534950719562
CC(C)OC(=O)[C@H](C)N[P@](=O)(OC[C@H]1O[C@@H](n2ccc(=O)[nH]c2=O)[C@](C)(F)[C@@H]1O)Oc1ccccc1,7.946988032660524,98.84882478787299,12.6527531791435,38.968886507223765,62.543715991119704,2.917335321504198,1.6604271039577676
CC(C)[N+](C)(CCC(C(N)=O)(c1ccccc1)c1ccccc1)C(C)C.[I-],5.941406723256373,238.29458672743107,32.66008374833336,43.07214290221777,84.93166052378258,0.6907851682313376,1.9705205879668501
CC(C)c1nc(CN(C)C(=O)NC(C(=O)NC(Cc2ccccc2)CC(O)C(Cc2ccccc2)NC(=O)OCc2cncs2)C(C)C)cs1,6.761240287232816,96.80924198640739,13.380343216076938,69.77197026314772,85.54494818315125,1.0562057467886035,1.7836803584244882
CC(C)n1c(/C=C/C(O)CC(O)CC(=O)O)c(-c2ccc(F)cc2)c2ccccc21,21.08362432065059,222.92039363608973,12.4982966155228,50.47230459033455,98.15208836003978,0.71941947209024,2.760842935415075
CC(Cc1ccc2c(c1)OCO2)NCC(O)c1ccc(O)c(O)c1.Cl,4.765638119472823,150.2110164176403,24.823176870547677,54.63098282992791,74.2201012333583,0.3986433836946815,1.8165262174687642
CC(N)C12CC3CC(CC(C3)C1)C2,37.08544655958082,632.2983975188891,10.307266012592011,90.22576326956892,89.53831335651385,0.04734800947978409,3.6931347574331457
CC(O)c1cc(C(=O)N[C@@H](C)Cn2ccc(-c3ccc(C#N)c(Cl)c3)n2)n[nH]1,16.293338852549113,150.78166910242734,8.461808550029131,73.07767344144787,95.09740790496207,2.057261142808093,2.4871222298234232
CC/C=C\C/C=C\C/C=C\C/C=C\C/C=C\CCCC(=O)OCC,4.920807110863455,117.14579082856636,17.605270964795185,69.9406274320494,91.61072777249572,0.4475675980152708,2.1516048109877723
CC1(C)S[C@@H]2[C@H](NC(=O)C(C(=O)Oc3ccc4c(c3)CCC4)c3ccccc3)C(=O)N2[C@H]1C(=O)[O-].[Na+],2.5908598086528607,19.47963801680122,8.048772136995561,58.447382230700185,92.41399677969818,7.813660142754343,0.8287071519227807
CC1(C)S[C@@H]2[C@H](NC(=O)COc3ccccc3)C(=O)N2[C@H]1C(=O)[O-].[K+],1.4773197384408367,17.343531699538783,14.019674957776136,51.46349489563818,68.1561556809583,19.590197067996762,0.651163389130524
CC12CC3CC(C)(C1)CC(N)(C3)C2,40.4143398843634,1022.6656328931016,11.278486326083716,87.5010708997294,92.76367504880638,0.08733096936956046,5.798700249517138
CC1NCCOC1c1ccccc1,9.591692204099807,459.96957312333535,35.283878680754434,65.04040094896608,53.835596705808676,0.1818071314584354,1.8488388418236505
CCC(=O)C(CC(C)N(C)C)(c1ccccc1)c1ccccc1,14.042839058123793,485.88806656838636,25.575738314822566,56.281040348181406,92.06048055950981,0.3685440374693867,2.3806735002778496
CCC(=O)NC[C@@H]1C[C@H]1c1cccc2c1CCO2,6.875472711127273,189.36776747203274,30.66869479538602,65.34975091728349,80.80420775488099,0.08920745887594655,1.5159180530265677
CCC(=O)c1ccc2c(c1)N(CCCN1CCN(CCO)CC1)c1ccccc1S2.O=C(O)/C=C\C(=O)O.O=C(O)/C=C\C(=O)O,6.278080841329313,136.50358535353868,20.4455931627511,73.62137280278806,72.75960970152272,0.4924207830826651,2.3194237016715147
CCC(C)C1(CC)C(=O)[N-]C(=O)NC1=O.[Na+],6.861002028223504,28.700897966544506,3.7983193349527022,76.72493578766188,72.95329679179596,25.370878559983026,2.8175438695480186
CCC1(CC)C(=O)NC(=O)N(C)C1=O,13.510601949178486,29.248453353548484,1.7311421648732785,95.26657507939467,57.161562781109744,51.317972861144874,3.5252736382997956
CCCC(C)(COC(N)=O)COC(N)=O,4.36390074665582,58.28087683039804,9.936450781867029,91.24287850450033,5.150112001039601,26.47775145390156,2.3541849293871886
CCCC(C)C1(CC)C(=O)NC(=O)NC1=O,13.105700026439076,55.90467715493015,3.0323397070918303,88.98456762933873,72.82491321068532,9.496776961612197,4.113037034796256
CCCC1O[C@@H]2C[C@H]3[C@@H]4CCC5=CC(=O)C=C[C@]5(C)[C@H]4[C@@H](O)C[C@]3(C)[C@]2(C(=O)CO)O1,7.49309528665949,181.14267176860292,23.669862792771724,63.3192899696014,78.34415451103625,0.15003043871798616,1.4852219777375935
CCCCC1(CCCC)CS(=O)(=O)c2ccc(N(C)C)cc2[C@@H](c2ccc(OCc3ccc(C[N+]45CCN(CC4)CC5)cc3)cc2)[C@H]1O.[Cl-],16.705264585840474,389.50304266465594,19.687290396184135,58.211016420404846,88.32369731155205,0.2479218523040423,2.5934204902734983
CCCCC1C(=O)N(c2ccccc2)N(c2ccc(O)cc2)C1=O,10.534559138317228,60.06885499709624,4.753021410560457,77.25493465312282,97.07098906707793,2.5642543291694637,2.6211018990346178
CCCCC1C(=O)N(c2ccccc2)N(c2ccccc2)C1=O,12.897535470392782,70.36040179964334,4.613767859306652,77.01777187709226,97.72260901872892,2.3629957771807244,2.6430657353532565
CCCCCCC(=O)OCCN1CCN(CCCN2c3ccccc3Sc3ccc(C(F)(F)F)cc32)CC1,30.52214712707653,712.4911244206206,16.528584097913743,63.33139150144818,93.0479482785802,0.4852061968834449,3.7822603565092408
CCCCCCCC(=O)N[C@H](CN1CCCC1)[C@H](O)c1ccc2c(c1)OCCO2,11.609424903548163,189.03219656036694,15.025678208411158,70.68668772293383,86.37122851113712,0.3138539871689617,2.2438409038671256
CCCCCCCCCCCC(=O)OCN1C(=O)CCc2ccc(OCCCCN3CCN(c4cccc(Cl)c4Cl)CC3)cc21,13.287454649942728,232.89084029390608,16.429398381015886,70.69355895171894,94.82744779120411,0.47475156069162705,2.5631316905001467
CCCCCCCCCCCCCCCCOCCCOP(=O)(O)CO[C@H](CO)Cn1ccc(N)nc1=O,15.995389429853324,94.0220395933882,7.067851695131558,71.68097156058982,83.15658954511431,5.088739727894837,2.7055305667217437
CCCCCCCCCCC[C@@H](C[C@@H]1OC(=O)[C@H]1CCCCCC)OC(=O)[C@H](CC(C)C)NC=O,14.803733031512973,93.20118899243589,6.153927601518568,65.94428339492111,94.92351695286318,1.9857400354786603,2.801428063218347
CCCCCN(C)CCC(O)(P(=O)([O-])O)P(=O)(O)O.O.[Na+],32.66790718122517,126.24523402096699,10.508689338159819,3.269790914760822,64.06001740823268,17.98651702738219,2.859336081620874
CCCCN(CCCC)CC(O)c1cc(Cl)cc2c1-c1ccc(Cl)cc1/C2=C/c1ccccc1,67.75048550198949,1563.1233645824636,22.80531386383822,29.477588036894886,98.77003636361108,0.30452877817554125,5.028618886351884
CCCCNc1cc(C(=O)O)cc(S(N)(=O)=O)c1Oc1ccccc1,7.711786081592905,59.437254588294714,6.033882732376288,81.74610953566739,91.36308765864027,1.8654893708686298,2.601950855855651
CCCCc1nc(Cl)c(CO[N+](=O)[O-])n1Cc1ccc(-c2ccccc2-c2nn[nH]n2)cc1,6.875462629073955,90.6677741298221,14.199342607316135,75.50387560569762,93.68133942130413,1.382764119845183,1.7382360185641392
CCCNCC(O)COc1ccccc1C(=O)CCc1ccccc1.Cl,5.269785991001944,138.55213357482492,23.84754244135172,61.00748388067896,75.95246776885341,0.6185521677460148,1.6794875623461176
CCCNS(=O)(=O)Nc1ncnc(OCCOc2ncc(Br)cn2)c1-c1ccc(Br)cc1,18.407941762675794,112.7023985410514,4.8741693872074245,79.64137453137647,93.85743978080222,3.514411949410602,2.8112149942667712
CCCc1nc(C)c2c(O)nc(-c3cc(S(=O)(=O)N4CCN(CC)CC4)ccc3OCC)nn12.Cl,9.453259045112233,189.96378688874864,12.926319884449205,75.16288351595635,87.09768527326415,1.572518666195326,2.2811247161421786
CCN(CC)CC#CCOC(=O)C(O)(c1ccccc1)C1CCCCC1,10.127284766675697,115.23016009107593,10.330668548774169,66.67341437347655,88.02935476479992,0.685435455422243,2.1774075775444555
CCN(CC)CCN1C(=O)CN=C(c2ccccc2F)c2cc(Cl)ccc21.Cl.Cl,16.34499047405692,456.96666474198787,21.243239170382477,55.31344358160842,91.59913018109435,0.8167490379215799,2.8707635017673105
CCN(CC)CCOC(=O)C1(C2CCCCC2)CCCCC1.Cl,12.67179764989851,129.14187029711093,6.6330936827379,85.06890660817687,90.32238606281283,1.1683649694097573,2.9193856211812697
CCN(CC)Cc1ccc2cc(COC(=O)Nc3ccc(C(=O)NO)cc3)ccc2c1,7.306794029100524,136.30372409067476,16.748962438654,75.83632874238502,85.96307899440872,1.1058016632463534,2.1486256454184316
CCOC(=O)C1(c2ccccc2)CCN(C)CC1.Cl,4.687444237628312,112.68765747689778,17.09217726372532,76.70345678432649,68.74424528162614,0.8853409070110644,1.6954345483560689
CCOC(=O)C1=C(C)NC(C)=C(C(=O)OC)C1c1cccc(Cl)c1Cl,12.824914231402584,56.641887559938354,3.798035215189469,80.28063885796433,97.99150601885145,3.1089635739825177,2.503109414630731
CCOC(=O)C1=C(COCCN)NC(C)=C(C(=O)OC)C1c1ccccc1Cl.O=C(O)/C=C\C(=O)O,5.880494095022945,55.19631868886087,8.294294267337586,76.7799184797673,85.48287802721785,2.0834340449675652,2.4087407289847413
CCOC(=O)C1=C(COCCN)NC(C)=C(C(=O)OC)[C@@H]1c1ccccc1Cl,6.642973019350959,70.88929196986261,9.020758965054942,73.26320096135719,90.86463660646383,1.7303580471117366,2.0277860362643745
CCOC(=O)[C@@H](N)Cc1ccc(-c2cc(O[C@H](c3ccc(Cl)cc3-n3ccc(C)n3)C(F)(F)F)nc(N)n2)cc1,34.79679631696784,228.5091325415275,5.364792613754067,64.65764482975169,97.68537827453875,2.032859943553817,3.283121549808435
CCOC(=O)[C@H](C)C[C@@H](Cc1ccc(-c2ccccc2)cc1)NC(=O)CCC(=O)O,5.259883449878257,60.83986627432484,13.456768314745421,68.64322697456757,89.6823947597409,1.1595465318385272,1.6498162277410258
CCOC(=O)[C@H](CCc1ccccc1)N[C@H]1CCc2ccccc2N(CC(=O)O)C1=O,3.8847596285119463,54.78586765161548,16.411480298282445,71.12016113706873,73.30459708681832,1.1215429003351995,1.3249320545579637
CCOc1nc2cccc(C(=O)OC(C)OC(=O)OC3CCCCC3)c2n1Cc1ccc(-c2ccccc2-c2nn[nH]n2)cc1,9.486538660510872,91.88744233454028,9.444230097387916,67.53241453013396,97.88322767409541,1.264412461511059,2.254267415626219
CCOc1nc2cccc(C(=O)OCc3oc(=O)oc3C)c2n1Cc1ccc(-c2ccccc2-c2noc(=O)[n-]2)cc1.[K+],6.010119987934394,48.4206698275265,8.629313778443981,72.62112554114003,96.29157243927116,3.7080545312573094,1.8449673689404442
CCS(=O)(=O)CCn1c([N+](=O)[O-])cnc1C,3.61189877337462,41.564299342062675,10.39311322116648,85.6778690642634,24.046408450668643,13.584184263865684,1.94095776532189
CCSc1ccc2c(c1)N(CCCN1CCN(C)CC1)c1ccccc1S2.O=C(O)/C=C\C(=O)O.O=C(O)/C=C\C(=O)O,8.296239885126786,194.0854728363206,21.4130123010816,69.2668360833006,82.95410827938254,0.33947622469409056,2.5258273260144137
CC[C@@H](CO)NCCN[C@@H](CC)CO,7.689605517972198,133.28353217119968,11.39233122488005,88.7151564165415,2.7197570273455005,11.86573275801397,2.393975028593362
CC[C@@H](Nc1ncnc2nc[nH]c12)c1nc2cccc(F)c2c(=O)n1-c1ccccc1,17.829387221428128,176.91180863208353,11.347977711180391,65.32419884827239,95.17069780835733,2.569048752266263,2.3171299738723916
CC[C@@H](c1ccccc1)c1c(O)c2ccccc2oc1=O,13.659905460182545,123.17830931954302,10.44466073949254,59.86346203812517,97.8496799314077,0.8611784590025008,2.279991290080099
CC[C@H](OC(C)=O)C(C[C@H](C)N(C)C)(c1ccccc1)c1ccccc1.Cl,8.738372194872502,363.22174108378886,36.151322973939486,46.86360471108242,89.2418496371862,0.19536885844980495,1.8685580794479293
CC[C@H]1OC(=O)[C@H](C)[C@@H](O[C@H]2C[C@@](C)(OC)[C@@H](O)[C@H](C)O2)[C@H](C)[C@@H](O[C@@H]2O[C@H](C)C[C@H](N(C)C)[C@H]2O)[C@](C)(O)C[C@@H](C)C(=O)[C@H](C)[C@@H](O)[C@]1(C)O.O=C(O)[C@H](O)[C@@H](O)[C@H](O[C@@H]1O[C@H](CO)[C@H](O)[C@H](O)[C@H]1O)[C@H](O)CO,7.776911242598628,80.83047809726463,9.241048119815897,30.23436586768742,26.903194298935052,7.888316290900831,1.9425283427828484
CC[N+](C)(CC)CCOC(=O)C(O)(c1ccccc1)C1CCCCC1,10.875022181179416,127.04454699205266,10.510137893851741,56.35622153462163,89.20729992000689,0.9433652405663225,2.419126336395304
CC[N+](CC)(CC)CCC(O)(c1ccccc1)C1CCCCC1,16.609539582278764,266.5888291752139,14.326077143134723,70.81836800178209,92.55251096102273,0.25291932296624386,2.602532186516456
CCc1cc2c(cc1N1CCC(N3CCOCC3)CC1)C(C)(C)c1[nH]c3cc(C#N)ccc3c1C2=O,27.70071900041488,842.3391411587469,25.31121702647444,59.73560011842989,95.03088270160214,0.28309286533209155,3.0536341895770702
CCc1nc(N)nc(N)c1-c1ccc(Cl)cc1,25.848999348372864,335.60770139954786,12.465819501194977,61.36089537882655,96.66196988496147,1.2508993460746969,3.355053256617425
CCn1c(=O)c2[nH]c(/C=C/c3ccc(OC)c(OC)c3)nc2n(CC)c1=O,9.264009615760061,112.54605822105378,11.343175156663905,76.83075593303779,95.6929323696752,3.2027490053010172,2.145376374593694
CCn1ccc(NS(=O)(=O)c2ccc(N)cc2)nc1=O,9.251239792719916,29.341936066865184,2.104762474620114,95.69654247626043,85.06336899321316,10.406190393102273,2.345630562119161
CN(C)CC(c1ccc(O)cc1)C1(O)CCCCC1.O=C(O)CCC(=O)O,4.512553638384611,85.12048202429355,19.208080785054307,74.16889211160981,38.16551905522734,0.6622293850443032,1.7392635886935064
CN(C)CCC(O)(c1ccccc1)c1ccccc1Cl.Cl,21.668049416157302,719.5122493886975,25.319392484310928,43.79751083882363,91.16196983434267,0.28905009764914114,2.961004209635255
CN(C)CCC(c1ccc(Br)cc1)c1ccccn1.O=C(O)/C=C\C(=O)O,12.32651661871345,211.2400301034401,15.859298561878006,68.08723725019257,89.60594827606126,0.49472091257143097,2.5845818282209687
CN(C)CCC(c1ccc(Cl)cc1)c1ccccn1.O=C(O)/C=C/C(=O)O,10.286525635364134,180.01767746214193,16.573349970696874,67.65145391533626,88.98895285263708,0.4289314119260212,2.415644547155172
CN(C)CCC[C@@]1(c2ccc(F)cc2)OCc2cc(C#N)ccc21.O=C(O)C(=O)O,14.417137509024792,203.35765527099556,15.582755679225297,72.77574389695249,86.53600376440525,0.5718336604120814,2.2437426565042737
CN(C)CCOC(C)(c1ccccc1)c1ccccn1,17.91447663497091,826.6848172946177,33.74630489299186,52.73343402233432,88.37347345790529,0.39649453350527486,2.6343656134921063
CN(C)CCOC(c1ccc(Cl)cc1)c1ccccn1,22.527610997997506,849.5064936378595,29.1622681136284,48.24247330521605,88.8134929771846,0.46961296109464984,2.963417370852675
CN(C)CCOC(c1ccccc1)c1ccc(Br)cc1.Cl,22.162866599397674,834.3929072019882,30.054237492177307,45.0716748093037,90.37376358975156,0.46855924976939006,2.9620740248218778
CN(C)CCOC(c1ccccc1)c1ccccc1.O=C(O)CC(O)(CC(=O)O)C(=O)O,6.260372532538977,92.95493549436334,18.57461818006154,54.411575112629734,57.157948621855326,1.4437845953921,1.7120664002653878
CN(C)CC[C@@H](c1ccc(Br)cc1)c1ccccn1,29.66777092799831,1068.8641358943867,30.194811538338826,44.08159361453943,92.23071295065081,0.40073600657561853,3.1738591692189915
CN(C)CC[C@@H](c1ccc(Cl)cc1)c1ccccn1.O=C(O)/C=C\C(=O)O,12.649224902127115,214.03592319053666,16.23511716740464,63.108908332139315,90.55252695607493,0.4181316950233574,2.619915603962843
CN/C(=N\CCSCc1nc[nH]c1C)NC#N.Cl,4.148801548446429,134.72713833728952,27.666995865013263,80.00960261275543,45.69232579311665,1.8766010828509458,1.5823038395283835
CN1C(=O)C(O)N=C(c2ccccc2)c2cc(Cl)ccc21,24.20086338562326,103.17748275302651,3.9968814077764585,68.83812022106451,98.53998726094967,2.789259949663394,2.838720401977794
CN1C(=O)CC(=O)N(c2ccccc2)c2cc(Cl)ccc21,18.432833562251563,81.26729486850023,3.7826273965085235,78.23042295275833,98.08203620276171,3.6477945733885133,2.8746109863855343
CN1C(=O)CN=C(c2ccccc2)c2cc(Cl)ccc21,22.16691063726352,131.62586325919779,5.508041232516195,71.61734078046159,98.43810986475982,2.2776779795732054,2.925799488176632
CN1C2CCCC1CC(NC(=O)c1nn(C)c3ccccc13)C2.Cl,12.676279934724667,513.5776005822537,33.413368184968476,60.719101377438605,78.52484839552153,0.20783038127155867,2.2368847415719144
CN1CCC(COc2cnc(-c3cccc(Cn4nc(-c5cccc(C#N)c5)ccc4=O)c3)nc2)CC1.Cl.O,14.228824533328378,342.90311113981744,21.165733275356363,58.32459082729498,92.76674686319012,0.6801776434365602,2.550167103092678
CN1CCN(CC/C=C2/c3ccccc3Sc3ccc(S(=O)(=O)N(C)C)cc32)CC1.Cl,29.2358508777446,819.4926418241844,17.140118811330833,49.972071354268756,91.6463548311577,0.5063085276556362,3.883945828848519
CN1CCN(CCCN2c3ccccc3Sc3ccc(C(F)(F)F)cc32)CC1.Cl.Cl,44.805336283518095,1713.2059280508106,23.59448983046474,46.61237339089998,91.01856013962792,0.4548750154116739,4.622491895004202
CN1CCN(CCCN2c3ccccc3Sc3ccc(Cl)cc32)CC1.O=C(O)/C=C\C(=O)O,15.183370940256264,447.7022363416264,24.635344892173208,60.044564773774674,87.77236194962073,0.2565332876796676,2.88159974299681
CN1CC[C@@H](NC(=O)Nc2ccc(C#N)cc2)C[C@@H]1c1nc2ccccc2[nH]1.O=C(O)/C=C\C(=O)O,9.708686291302879,138.90761734644292,14.349434684298897,69.16867194347483,88.84107276678544,0.520720738181321,2.40211768692315
CNC(=C[N+](=O)[O-])NCCSCc1ccc(CN(C)C)o1.Cl,3.284511595042841,162.76965492819764,40.73380709552853,74.14585862896732,18.987100436523328,1.1282484766577332,1.5697629991427209
CNC(=C[N+](=O)[O-])NCCSCc1csc(CN(C)C)n1,3.593891463740819,165.1522444942843,37.96657089288263,78.02504617227409,18.1424587861323,1.4653530337349439,1.6566107238246939
CNC(=O)c1ccc(-c2cnc3ncc(Cc4ccc5ncccc5c4)n3n2)cc1F.Cl.Cl.O,12.74330900017122,134.63850110409408,11.451550138626871,66.84255670597557,94.971123914573,2.9703088970937017,2.1709123168501296
CNCC(=O)OCc1cccnc1N(C)C(=O)OC(C)[n+]1cnn(C[C@](O)(c2cc(F)ccc2F)[C@@H](C)c2nc(-c3ccc(C#N)cc3)cs2)c1,11.780915807079156,110.44614453464186,8.508630504306904,77.03366589308071,90.36916967245902,2.578594213112078,1.9425654367724632
CNS(=O)(=O)CCc1ccc2[nH]cc(C3CCN(C)CC3)c2c1.Cl,14.071523028447034,393.513679952468,23.038333432235852,57.49923797526324,76.16067708660226,0.31682218556546915,2.594225822043678
CO/N=C(\C(=O)N[C@@H]1C(=O)N2C(C(=O)OCOC(=O)C(C)(C)C)=C(/C=C\c3scnc3C)CS[C@H]12)c1csc(N)n1,5.957062078581058,32.70566368024706,5.018064181767497,68.79965741807213,94.66923670293814,9.414669408315522,1.8902599481178137
CO/N=C1\C[C@]2(C[C@@H]3C[C@@H](C/C=C(\C)C[C@@H](C)/C=C/C=C4\CO[C@@H]5[C@H](O)C(C)=C[C@@H](C(=O)O3)[C@]45O)O2)O[C@H](/C(C)=C/C(C)C)[C@H]1C,10.469146387115265,223.28019021772067,16.04301960444145,51.70303828859583,91.3537015149648,0.16839749285423558,2.040679536282682
COC(=O)C(c1ccccc1)C1CCCCN1,7.484714725266132,133.5381203642862,15.446133140885827,71.02039561790546,84.17869761907531,0.3634542135595947,1.8627798236247497
COC(=O)C1=C(C)NC(C)=C(C(=O)OCC(C)C)C1c1ccccc1[N+](=O)[O-],4.219486514051011,32.628777351366594,6.839551970828837,76.2858187018843,89.32696854509003,4.956750055621419,2.008808706293489
COC(=O)C=CC(=O)O,3.2629515878238853,45.3313028134687,17.80819605418671,80.91876088920048,35.32344509097171,7.288876709192642,2.7325194546616163
COC(=O)N[C@@H](C)CNc1nccc(-c2cn(C(C)C)nc2-c2cc(Cl)cc(NS(C)(=O)=O)c2F)n1,19.57744579410172,174.97102787519006,7.592044604553422,75.35233887918463,94.41716020388077,2.442139522586553,2.8284231455578834
COC(=O)N[C@H](C(=O)N1CCC[C@H]1c1nc(-c2ccc3c(c2)O[C@@H](c2ccccc2)n2c-3cc3cc(-c4c[nH]c([C@@H]5CCCN5C(=O)[C@@H](NC(=O)OC)C(C)C)n4)ccc32)c[nH]1)C(C)C,14.936274081887165,163.046976944899,11.601916038813627,53.63645799773746,97.9625802037551,0.6539528370104313,2.280767572799147
COC(=O)N[C@H](C(=O)N1CCC[C@H]1c1nc2cc([C@@H]3CC[C@@H](c4cc5nc([C@@H]6CCCN6C(=O)[C@@H](NC(=O)OC)[C@@H](C)OC)[nH]c5cc4F)N3c3cc(F)c(N4CCC(c5ccc(F)cc5)CC4)c(F)c3)c(F)cc2[nH]1)[C@@H](C)OC,18.50650656828336,245.15302677298365,13.24764434573445,60.2510267671258,96.90159041295742,0.5367750873031788,2.27786886664806
COC(=O)N[C@H](C(=O)N[C@@H](Cc1ccccc1)[C@@H](O)CN(Cc1ccc(-c2ccccn2)cc1)NC(=O)[C@@H](NC(=O)OC)C(C)(C)C)C(C)(C)C.O=S(=O)(O)O,7.790835577919426,117.0208951757814,16.46071524590922,46.38746609291354,75.7762854628014,1.0832530551468857,2.031117213088533
COC(=O)[C@@H]1CC2=CC(=O)CC[C@]2(C)[C@@]23O[C@@H]2C[C@@]2(C)[C@@H](CC[C@@]24CCC(=O)O4)[C@H]13,5.081553000804142,134.42412999692496,27.874957590511222,68.15812801147447,66.73559165711606,0.14497248664362394,1.268921242359579
COC(=O)[C@H](c1ccccc1)[C@H]1CCCCN1.Cl,6.649854506501591,150.43079029878888,20.723236783363728,57.068119315808666,79.10679082637995,0.2761348361182006,1.6985208600164716
COC(=O)[C@H](c1ccccc1Cl)N1CCc2sccc2C1,6.59066714290826,94.4236522415484,14.60935124379669,73.59949322800803,89.20781857808119,0.7360609621294308,1.365255691191689
COC(=O)c1c(C)nc(C)c(C(=O)OC)c1-c1ccccc1[N+](=O)[O-],3.627559163044006,22.805892116749355,6.280005753595547,83.55877222121869,93.25769416097897,9.467736949092604,1.6896997847899113
COCCCOc1ccnc(C[S+]([O-])c2nc3ccccc3[n-]2)c1C.[Na+],6.035496691374256,84.37214898999488,14.838503034577194,65.78693409021301,93.90545371262036,2.6469644916574553,1.5783410604531123
COCCOC(=O)C1=C(C)NC(C)=C(C(=O)OC(C)C)[C@@H]1c1cccc([N+](=O)[O-])c1,3.608326992492634,37.518286653130005,9.426409705528748,70.7363545634266,87.91521703922336,3.32708174357367,1.7780317267942471
COCc1c(C(C)C)nc(C(C)C)c(/C=C/[C@@H](O)C[C@@H](O)CC(=O)O)c1-c1ccc(F)cc1,15.18362257874447,259.9296495939913,16.516043806149952,49.93691226878914,96.69470536282442,0.5900589949951554,2.491322420853375
CO[C@H]1/C=C/O[C@@]2(C)Oc3c(C)c(O)c4c(O)c(c(/C=N/N5CCN(C)CC5)c(O)c4c3C2=O)NC(=O)/C(C)=C\C=C\[C@H](C)[C@H](O)[C@@H](C)[C@@H](O)[C@@H](C)[C@H](OC(C)=O)[C@@H]1C,12.596646902731775,229.81607435151145,12.991001842210927,47.331125411409815,89.39902448266265,0.6880736199623069,2.6652050083862795
CO[C@H]1/C=C/O[C@@]2(C)Oc3c(C)c(O)c4c(O)c(c5c(nc6cc(C)ccn65)c4c3C2=O)NC(=O)/C(C)=C\C=C\[C@H](C)[C@H](O)[C@@H](C)[C@@H](O)[C@@H](C)[C@H](OC(C)=O)[C@@H]1C,15.954120498703558,179.5371290432877,9.618328055927961,51.171712493519976,95.04586324550961,1.297732383184163,2.4834399859739524
CO[C@H]1/C=C/O[C@@]2(C)Oc3c(C)c(O)c4c(c3C2=O)C(=O)C=C(NC(=O)/C(C)=C\C=C\[C@H](C)[C@H](O)[C@@H](C)[C@@H](O)[C@@H](C)[C@H](OC(C)=O)[C@@H]1C)C4=O,14.294535890588294,112.4899196880725,5.975484147827654,57.62251919977438,91.40187567274621,1.798292831262603,2.8784493872063064
CO[C@H]1/C=C/O[C@@]2(C)Oc3c(C)c(O)c4c(c3C2=O)C2=NC3(CCN(CC(C)C)CC3)NC2=C(NC(=O)/C(C)=C\C=C\[C@H](C)[C@H](O)[C@@H](C)[C@@H](O)[C@@H](C)[C@H](OC(C)=O)[C@@H]1C)C4=O,14.141958870108637,217.59567051417733,10.882147207720736,53.13811531288592,87.88599518112211,0.8053128905358841,2.9639110409198657
CO[C@H]1C[C@@H]2CC[C@@H](C)[C@@](O)(O2)C(=O)C(=O)N2CCCC[C@H]2C(=O)O[C@H]([C@H](C)C[C@@H]2CC[C@@H](O)[C@H](OC)C2)CC(=O)[C@H](C)/C=C(\C)[C@@H](OC(=O)CCCCCNc2ccc(N=[N+]=[N-])cc2[N+](=O)[O-])[C@@H](OC)C(=O)[C@H](C)C[C@H](C)/C=C/C=C/C=C/1C,8.843918239302164,102.370136101679,10.861370433479378,59.2595025611828,87.03179795992759,0.5499370501564428,2.219583759484582
COc1c(N2C[C@@H]3CCCN[C@@H]3C2)c(F)cc2c(=O)c(C(=O)O)cn(C3CC3)c12.Cl,12.333513949796036,295.1572709538782,21.226709291472442,70.97497199500121,85.75022532493782,0.26472158101944576,2.237324773855079
COc1cc(C(=O)NCc2ccc(OCCN(C)C)cc2)cc(OC)c1OC,9.634347395006948,276.70639938740976,22.227055555165904,62.29842524676534,92.57480518236615,0.7280773680529011,2.376135587473507
COc1cc(C(=O)NS(=O)(=O)c2ccccc2C)ccc1Cc1cn(C)c2ccc(NC(=O)OC3CCCC3)cc12,16.31266716219006,69.39834117871027,3.4981152404935485,85.35995058609012,98.56531333621457,2.092199372669337,2.736725939579618
COc1cc(Cc2cnc(N)nc2N)cc(OC)c1OC.Cl,8.826578377725154,185.18800753569803,19.22875101616203,67.52691770514728,90.40395659297869,1.0595885829189615,2.2066596415602318
COc1cc(Nc2ncc(F)c(Nc3ccc4c(n3)N(COP(=O)(O)O)C(=O)C(C)(C)O4)n2)cc(OC)c1OC,19.383976131899384,121.43490994379816,5.95650924523591,59.11030716234446,97.17547151561979,3.346166164896179,2.6257097473937288
COc1cc2c(cc1Cc1cccc(Cl)c1F)C(=O)C(C(=O)O)=CC2[C@H](CO)C(C)C,17.388258382643553,148.76415027615207,7.591677952806301,66.9790797551557,97.9740276419159,0.9670416432692185,2.8600097152420485
COc1cc2nccc(Oc3ccc(NC(=O)Nc4cc(C)on4)c(Cl)c3)c2cc1OC,27.944559199473893,206.9000593191558,7.052166364850541,61.43461949436443,99.00829226417298,1.7101275459833376,3.6384832710469825
COc1ccc(C(CN(C)C)C2(O)CCCCC2)cc1.Cl,14.59670921904198,479.20125917111227,25.92409087085007,57.17436773165915,91.38448362869326,0.1802855254737315,2.616203509008025
COc1ccc(C2C(=O)c3ccccc3C2=O)cc1,16.63019265639829,63.06592165090052,3.3353441151645096,79.88463840758803,98.41568137413911,2.4418734933275132,2.6463537592468405
COc1ccc(CCN(C)CCCC(C#N)(c2ccc(OC)c(OC)c2)C(C)C)cc1OC,17.764741559152572,578.1610073060076,26.691533151184764,53.92452073982674,97.07765293224992,0.2870696067455807,2.7408150707718684
COc1ccc(CNc2nc(N3CCC[C@H]3CO)ncc2C(=O)Nc2ncccn2)cc1Cl,12.089685177106057,180.79816564357063,12.330308663333689,69.18189726089271,93.38290373557426,1.0689159060984132,2.4797929032379717
COc1ccc2c3c1O[C@H]1C(OC(=O)c4ccccc4)=CC[C@@H]4[C@@H](C2)N(C)CC[C@@]341.Cl,8.97291013984934,274.35416908236675,33.38027976427929,45.87442144376025,84.0941660603136,0.1285859094350655,1.743535640584015
COc1cccc(N2CCN(C3=Nc4c(F)cccc4[C@H](CC(=O)O)N3c3cc(C(F)(F)F)ccc3OC)CC2)c1,27.49761134805138,228.78190012088479,5.955549771320701,75.18216510476381,97.7733405260105,1.2743196626897488,2.924168893797035
COc1cccc([C@]2(O)CCCC[C@H]2CN(C)C)c1,17.797429681820116,740.670515336185,34.57674311290214,51.176278788427915,86.3286644917946,0.11082678087588532,2.5674196819449646
COc1ccccc1Oc1c(NS(=O)(=O)c2ccc(C(C)(C)C)cc2)nc(-c2ncccn2)nc1OCCO,15.464928751369765,94.2567692674805,4.720293170527132,74.48493841147416,98.2586594653724,2.8460360869861674,2.7094219733222387
COc1ccnc(C[S+]([O-])c2nc3cc(OC(F)F)ccc3[nH]2)c1OC,21.928793798022998,137.89123496921005,5.266853619242055,71.3128264379949,97.90961502055524,2.5635542188820284,2.72784555266768
COc1cnc(-n2cnc(C)n2)c2c1c(C(=O)C(=O)N1CCN(C(=O)c3ccccc3)CC1)cn2COP(=O)(O)O,5.158700785397694,51.96031097182122,10.02768628517512,76.02333188770143,78.62181746562382,4.668649664720753,1.613605399562975
CS(=O)(=O)c1ccc(Oc2cc(F)cc(C#N)c2)c2c1[C@H](O)[C@H](F)[C@@H]2F,33.720513402381094,166.10825280571464,3.844742574042871,71.47832451963198,97.59727477153265,2.1607081961176924,2.824897532297058
CSc1ccc(C(=O)/C=C/c2cc(C)c(OC(C)(C)C(=O)O)c(C)c2)cc1,15.573687352236602,71.84622181810148,4.374246292129251,78.55294621492841,99.21687266008625,4.148648892421611,2.7458783876153716
CSc1nc2cc(Cl)c(Oc3cccc(Cl)c3Cl)cc2[nH]1,65.23301795956412,305.2253072626166,4.961120521015398,56.17061261119464,99.5642085554508,2.785056616724813,4.200427987512118
C[C@@H](NC(=O)c1ncnc(N)c1Cl)c1ncc(C(=O)Nc2cc(C(F)(F)F)c(Cl)cn2)s1,34.27843941914651,115.48894674010893,2.4908563038745193,88.5076266304361,96.49763971039224,8.13588579088052,3.597636310758481
C[C@@H](Nc1ncnc2[nH]cnc12)c1cc2cccc(Cl)c2c(=O)n1-c1ccccc1,23.337106197444452,195.92998495150633,9.899903140165637,61.431420448039646,96.93141759795593,2.1112440478878765,2.612652306728116
C[C@@H](OC[C@@]1(c2ccccc2)CC[C@]2(CCC(=O)N2)CN1)c1cc(C(F)(F)F)cc(C(F)(F)F)c1,78.37631966984993,619.5096624926435,5.103257255502266,75.01750396794284,95.64961226866423,0.6687151514516904,5.752353260435885
C[C@@H]1CCN(C(=O)CC#N)C[C@@H]1N(C)c1ncnc2[nH]ccc12.O=C(O)CC(O)(CC(=O)O)C(=O)O,4.6437569340045775,68.66596085520648,18.23315113109179,62.85385469819726,47.87632454856103,2.2444597476529067,1.6416286910402549
C[C@@]1(C(=O)N[C@@H](CCC(=O)O)C(=O)O)CCCN1C(=O)CN,3.561865432048834,51.17694699219625,14.835203201709993,76.48859884085196,11.327506582615579,16.099731874500357,1.8046385591671563
C[C@H](/C=C/[C@H](C)C(C)(C)O)[C@H]1CC[C@H]2/C(=C/C=C3C[C@@H](O)C[C@H](O)C3)CCC[C@]12C,15.769872646805215,441.62630648668846,20.071780491122368,53.833768530927145,97.9205431816229,0.057189043625297725,3.2790547151038507
C[C@H](CS)C(=O)N1CCC[C@@H]1C(=O)O,2.982753654875939,34.97079190489904,12.07550008756987,63.0011673460827,40.13457175680005,10.255854931079828,1.5226579383860106
C[C@H]1CCO[C@H]2Cn3cc(C(=O)NCc4ccc(F)cc4F)c(=O)c(O)c3C(=O)N21,9.974709902219713,90.58117999884148,7.430258965912603,83.77700571767463,85.77009301979639,2.951460200037462,2.11337638070888
C[C@H]1[C@H](c2ccccc2)OCCN1C,9.18750368958302,641.6878342599463,51.41763349721699,49.732913087295245,56.92886645254526,0.16486885079338717,1.7557356726658602
C[C@]12C=CC(=O)C=C1CC[C@@H]1[C@@H]2CC[C@]2(C)OC(=O)CC[C@@H]12,11.260610008006315,326.36712873762167,27.19518556619129,71.86132540340391,93.53923445158149,0.03824259262808789,2.3400598398657304
C[N+](C)(C)C[C@H](O)CC(=O)[O-],3.016930180637333,82.36442339875013,35.903480641739755,49.8754167302569,2.403714223628887,18.44186663155144,1.9284119551257117
C[N+]1(C)CCC(=C(c2ccccc2)c2ccccc2)CC1,20.372267874944836,1073.2923846693543,43.88472193948709,35.47172066040618,96.40006624486863,0.1686289438908056,3.333914229233983
C[N+]1(C)CCC(OC(=O)C(O)(c2ccccc2)C2CCCC2)C1,12.723179100994356,160.88485521716092,10.539162423710405,51.91631337992298,90.50818456241419,0.6047736352360042,2.7043338627467626
C[N+]1(C)[C@@H]2C[C@@H](OC(=O)[C@H](CO)c3ccccc3)C[C@H]1[C@@H]1O[C@@H]12.[Br-],4.432336283718426,106.9692426610311,24.98390028049171,37.58382607297209,43.12999323938987,0.5581784933919406,1.070557176593655
Cc1[nH]c2ccccc2c1CCNCc1ccc(/C=C/C(=O)NO)cc1,11.269298855575748,211.1701795043736,21.109167794935168,67.54497630768759,93.54077828066141,0.46449497180821564,2.2382322947881708
Cc1c(O)c(=O)ccn1C,3.022018653377786,57.83512815617387,17.272419158989017,92.75097303107017,41.70653916012873,11.132191354120897,1.4866772542274587
Cc1c(OCC(F)(F)F)ccnc1C[S+]([O-])c1nc2ccccc2[nH]1,30.579407834841216,193.9805327401472,5.251392093110714,69.25117181280531,96.88036628033673,3.4116278905450077,3.20789386575897
Cc1cc(NS(=O)(=O)c2ccc(N)cc2)no1,16.344830436735077,31.982990413214793,1.2436854380745221,94.74377943094741,95.19360553005819,8.391512250453927,2.785674197895933
Cc1ccc(-c2cc(C(F)(F)F)nn2-c2ccc(S(N)(=O)=O)cc2)cc1,79.81886237592869,165.05558712106276,1.7302749284357135,85.32217308881734,98.5348703720609,5.217526626115056,4.687568435252444
Cc1ccc(-c2nc3ccc(C)cn3c2CC(=O)N(C)C)cc1.Cc1ccc(-c2nc3ccc(C)cn3c2CC(=O)N(C)C)cc1.O=C(O)C(O)C(O)C(=O)O,10.966683165743275,109.80336386926837,13.39631134220675,68.9346124686889,92.32328209931052,2.1970336300116995,1.7812116139506813
Cc1ccc(Cl)c(Nc2ccccc2C(=O)[O-])c1Cl.O.[Na+],9.117700882432334,43.532281644043444,5.517380421094771,72.51619716443115,98.75813800398737,5.327091483809927,2.1396954686812735
Cc1ccc(O)c([C@H](CCN(C(C)C)C(C)C)c2ccccc2)c1.O=C(O)[C@H](O)[C@@H](O)C(=O)O,8.059267661199524,178.71963809271966,27.209322751430072,28.318029803162734,79.89420110387756,0.37451732999412124,1.630528021057779
Cc1cccc(Nc2ccccc2C(=O)O)c1C,8.911355760293882,73.56161890086372,8.450080800770252,78.08351628584569,97.95524895685499,2.417765042875394,2.334128463262915
Cc1cccc(Nc2ccncc2S(=O)(=O)NC(=O)NC(C)C)c1,16.38654708671728,52.36638216408052,2.5837998776609865,90.1369702820244,95.77481611160903,4.3666800525561875,2.7873620049148817
Cc1ccccc1C(OCCN(C)C)c1ccccc1,15.830338453608691,797.0898273496258,43.19695172001699,48.69211102839919,85.9031724190248,0.29332516788794377,2.3159308136158
Cc1ccsc1C(=CCCN1CCC[C@@H](C(=O)O)C1)c1sccc1C,11.403955121678813,242.1763835103067,18.83047640201992,65.1307860267397,94.86498008698656,0.5716360257233708,2.3216323756962605
Cc1nc(NC(=O)N2CCC[C@H]2C(N)=O)sc1-c1ccnc(C(C)(C)C(F)(F)F)c1,34.69704030310694,200.43057367671076,3.9827520998349866,80.5048137425246,96.8937496687793,4.268549295819589,3.9015821231943844
Cc1ncc([N+](=O)[O-])n1CC(C)O,2.317844619029231,66.65458710244222,29.363023060228958,79.84520311634728,13.593508588316789,7.125676540619001,1.3753264545268358
Cc1ncc([N+](=O)[O-])n1CCO.Cl,1.5782148266158045,52.3106654582309,34.628360326419184,82.52296506916556,13.651499027625727,9.271820714136718,1.2114750635243126
Cc1ncc2n1-c1ccc(Cl)cc1C(c1ccccc1F)=NC2,46.85868410055124,354.3182785725923,8.459851409491884,56.695124358288766,98.87900414680458,1.678666065397016,3.324536992298036
Cc1nnc(C(C)C)n1[C@@H]1C[C@H]2CC[C@@H](C1)N2CC[C@H](NC(=O)C1CCC(F)(F)CC1)c1ccccc1,16.929086137241093,464.58853278370253,19.50130071712174,63.9750222476267,87.22731218681344,0.1260935498732557,2.5821858307557126
Cc1nnc(NS(=O)(=O)c2ccc(N)cc2)s1,15.331126587282204,28.380819953210825,1.162878215063995,95.3052494879433,94.71302618763175,11.374056976057043,2.661738475145725
Cc1nnc2n1-c1ccc(Cl)cc1C(c1ccccc1)=NC2,29.404729502552197,253.20717509867777,9.829767950315915,56.63842790828644,98.517767756769,1.4860365202588264,2.900203306210315
Cc1nnc2n1-c1ccc(Cl)cc1C(c1ccccc1Cl)=NC2,41.85733925281374,294.5887558542297,7.7617670446882245,56.06350569316205,98.92090279264677,1.7300943267249795,3.3036923232562496
Cc1noc(NS(=O)(=O)c2ccc(N)cc2)c1C.OCCNCCO,7.317755898134718,90.07998346073734,7.281197324915368,89.4079701518825,52.525278746483956,4.313318625336877,2.191009443164214
Cc1onc(-c2ccccc2)c1-c1ccc(S(N)(=O)=O)cc1,25.070051910990195,97.62683331263229,3.4340716388063486,77.90338026359623,98.15657272077411,1.9525769801673931,3.016404798570681
Cl.Cl.N#CCNC(=O)c1ccc(-c2ccnc(Nc3ccc(N4CCOCC4)cc3)n2)cc1,9.660680743946406,165.10190109580805,14.967326467485782,65.3268302572914,95.37285869624378,1.0597445703290889,2.4129472555391205
Cl.Cl.O=C(O)COCCN1CCN(C(c2ccccc2)c2ccc(Cl)cc2)CC1,7.1777503617869245,233.88972172842287,30.130285841464723,65.7539067558885,63.16521694420675,0.33548722594811614,1.6758422837015854
Cl.Clc1ccc(CCCOCCCN2CCCCC2)cc1,22.0306611080354,513.2463689544778,19.907517739120742,69.72566979695416,92.28110286668486,0.3113588813138611,3.007067761240712
Cl.FC(F)(F)c1ccc(CNc2ccc(Cc3c[nH]c4ncc(Cl)cc34)cn2)cn1,47.62198965210801,345.90135006163473,5.808264816244447,67.22130283055134,97.32831245394729,2.3451380262895443,3.6180765992781967
Clc1ccc(C(c2ccccc2Cl)C(Cl)Cl)cc1,103.1869959308697,398.4587638545655,3.594408812351872,55.74494992658546,99.52856883093082,1.068961844762949,4.71788871311734
Clc1ccc2c(c1)C(c1ccccc1)=NCc1nncn1-2,27.538312509797134,221.03470327895468,9.249219850969117,56.594005207912254,98.2452803236012,1.5846143570770064,2.902846750550999
Clc1ccc2nsnc2c1NC1=NCCN1,18.758261754822076,259.3585038985734,12.05026566628104,63.04136766692154,94.47500598101425,1.484099718451021,3.0439892210201256
Clc1ccccc1CN1CCc2sccc2C1,12.239035895508142,363.16151484782284,30.391993232506454,59.07878126449801,89.24928277761568,0.2117327564458421,1.9357621113415975
Cn1c(Cn2ccc(C(F)(F)F)c(Oc3cc(Cl)cc(C#N)c3)c2=O)n[nH]c1=O,35.11650618355532,137.12239113864234,3.1303933771331893,88.73297894863077,95.08447947866911,7.0036497966549645,3.308743842725435
Cn1cc(-c2cc3c(N4CCN(c5ncc([C@@](C)(N)c6ccc(F)cc6)cn5)CC4)ncnn3c2)cn1,17.182394041065475,265.9470187146111,13.935380926488504,70.33927453160202,93.09870499885153,1.5233655609013337,2.217311420965976
Cn1ccnc1S,3.333383060579403,86.5151080841282,22.722300086659637,90.23655230999597,20.032825917385185,10.376977376811933,1.2780404295607757
Cn1cnc([N+](=O)[O-])c1Sc1ncnc2[nH]cnc12,3.2362399217397346,32.11107572020892,10.012838216706813,89.0098599516074,56.18653934234829,21.181306489729565,1.2992628697269932
Cn1cnc2c(F)c(Nc3ccc(Br)cc3Cl)c(C(=O)NOCCO)cc21.O=S(=O)(O)O,14.928405603631292,117.77914710351406,8.716965358371045,72.63467316681997,88.6557712454727,3.144909386694693,2.3262999510233286
Cn1cnc2c(F)c(Nc3ccc(Br)cc3F)c(C(=O)NOCCO)cc21,21.752896501416206,160.29643268813845,7.428153419014321,77.3006469653292,95.97281354323874,5.285494293963755,2.513693454630586
Cn1nnc(-c2ccc(-c3ccc(N4C[C@H](COP(=O)(O)O)OC4=O)cc3F)cn2)n1,13.055054894840517,95.56451329204481,8.195522919860469,57.821934808583144,91.18299064003334,3.164251840486975,1.9013090757010325
Fc1ccccc1C1=NCC(=S)N(CC(F)(F)F)c2ccc(Cl)cc21,70.9827403686218,317.4406746754635,3.50957093261614,65.63109320186213,98.71209226639395,3.4058115502205775,4.8356408577974985
N#CC[C@H](C1CCCC1)n1cc(-c2ncnc3[nH]ccc23)cn1,19.427520230745824,411.286515838148,23.20136530602089,58.81699013105523,94.23623806605384,0.3327637755464429,2.512397637363534
N#C[C@@H]1C[C@@H]2C[C@@H]2N1C(=O)[C@@H](N)C12CC3CC(CC(O)(C3)C1)C2.O,12.67808269344677,149.65162655438874,11.517030740690048,82.67953451418788,82.41496430829137,0.09726267078701549,1.9791444802196914
N=C(N)NCC1COC2(CCCCC2)O1.N=C(N)NCC1COC2(CCCCC2)O1.O=S(=O)(O)O,9.572416843906193,124.99251995659534,10.54967735954958,88.87999572231922,11.073414905962139,0.5967424107520976,2.5100653922298535
NC(=O)C[S+]([O-])C(c1ccccc1)c1ccccc1,6.788754797629934,48.53927343299058,7.854624817827835,83.698804542001,87.83433177801358,1.6613728409083033,1.5002697567781396
NC(=O)NO,3.351573043546955,246.56670141308734,137.8322675210124,98.47925627255897,0.009202663766279777,21.905768343451857,1.9759455790495168
NC(=O)c1cccc2cn(-c3ccc([C@@H]4CCCNC4)cc3)nc12,18.867435497826452,377.79664272172585,18.402717813257215,61.871078228137215,92.92484550054986,0.4020300384745472,2.9400790532415986
NC(N)=Nc1nc(CSCC/C(N)=N/S(N)(=O)=O)cs1,9.050498303028718,109.86286244468536,9.838314090091153,86.47278493000493,23.31639697483297,2.584616520425508,3.3316141476354457
NC1(C(=O)N[C@@H](CCO)c2ccc(Cl)cc2)CCN(c2nc[nH]c3nccc2-3)CC1,11.974365946577894,155.54037022079967,11.355700291591043,75.11208223463208,88.92303893961413,0.8921535179443693,2.248516091189169
NC12CC3CC(CC(C3)C1)C2,49.5603700137853,581.1904812767086,7.336563118883618,92.42237398723101,87.07693724074277,0.04339832831305854,4.074883722302807
NS(=O)(=O)Nc1ncnc(OCCOc2ncc(Br)cn2)c1-c1ccc(Br)cc1,19.39321416379672,90.36467628090288,3.860732656898863,83.99110395863136,92.20513265284659,4.056996108665147,2.861790578829325
NS(=O)(=O)c1cc2c(cc1Cl)N=C(CSCc1ccccc1)NS2(=O)=O,13.175677749203116,28.313604165363543,1.2867959006929566,95.59585068056825,91.29290335599723,6.984451918382102,2.4547494367146423
N[C@@H](Cc1cc(I)c(Oc2cc(I)c(O)c(I)c2)c(I)c1)C(=O)[O-].O.[Na+],12.5053555604884,67.52967753426164,6.11119961829812,66.04946177702402,96.36987402191897,4.251033815234293,2.154327737846287
N[C@@H](Cc1cc(I)c(Oc2ccc(O)c(I)c2)c(I)c1)C(=O)[O-].[Na+],10.35520501353334,60.442020960936844,6.753502444577671,64.42849015307692,96.5173241624476,3.3105637113314628,2.0090321015814205
N[C@@H]1c2cccnc2[C@H](OC(=O)N2CCC(n3c(=O)[nH]c4ncccc43)CC2)CC[C@H]1c1cccc(F)c1F.N[C@@H]1c2cccnc2[C@H](OC(=O)N2CCC(n3c(=O)[nH]c4ncccc43)CC2)CC[C@H]1c1cccc(F)c1F.O.O.O.O=S(=O)(O)O,7.43869000982768,124.74751413432527,16.41954227071409,77.01572445648405,75.74713331829166,0.7953477230976302,1.6066200940022435
N[C@H](Cc1cc(I)c(Oc2cc(I)c(O)c(I)c2)c(I)c1)C(=O)[O-].O.[Na+],11.754795515086318,65.22444073192152,6.190000747547383,66.03530047606547,96.65733284552388,4.137642604772769,2.092285834486151
Nc1cc(N2CCCCC2)nc(N)[n+]1[O-],6.007703478923297,151.07057378799664,22.286386578462025,83.00913630092002,73.13756965229517,0.7280004843357996,2.279334915773318
Nc1ccc(C(=O)Oc2ccccc2)c(O)c1,6.446726006196123,47.955500681430216,6.869328998215498,65.67244532225531,97.22674479978856,2.245976931696935,2.7272241588963206
Nc1nc(=O)[nH]cc1F,4.292311654750422,65.79919406230749,12.393295604830435,96.03169479762842,19.06463743225879,20.455892309815873,1.96722009309032
Nc1nc(N)c2nc(-c3ccccc3)c(N)nc2n1,11.935642627766327,173.34980206648325,15.403745661771286,63.42290213691741,90.00384601487417,2.177932846859701,2.6716844985417936
Nc1nc(NC2CC2)c2ncn([C@H]3C=C[C@@H](CO)C3)c2n1.Nc1nc(NC2CC2)c2ncn([C@H]3C=C[C@@H](CO)C3)c2n1.O=S(=O)(O)O,9.141762559535364,223.0131901572702,25.61862208338126,68.23952841334251,48.61123393809788,0.37408237403153427,1.9298147877538525
Nc1nnc(-c2cccc(Cl)c2Cl)c(N)n1,28.180473257873967,235.41720726701553,7.611206740704217,68.7102407542065,95.85538712195724,2.363622713484767,3.486497730952525
O.O=P1(N(CCCl)CCCl)NCCCO1,7.305398308003391,90.08346653006372,7.821627999994843,71.46591679836197,30.411278870081052,6.781890436424929,2.6106932055641345
O=C(Nc1ccc([N+](=O)[O-])cc1Cl)c1cc(Cl)ccc1O,8.551331035904612,29.627025858970722,3.111755844951395,82.51850798503655,97.84924929562031,5.553734173714979,2.7693182574595263
O=C(O)C1N=C(c2ccccc2)c2cc(Cl)ccc2NC1=O,17.097541724742868,41.10030055585688,2.4148729145098824,75.47511257560316,98.81277479098978,3.990579610160785,2.789896816884841
O=C(O)CCC(=O)O.O=C(O[C@H]1CN2CCC1CC2)N1CCc2ccccc2[C@@H]1c1ccccc1,4.3751078830747225,83.99562422396832,21.067325136909272,72.01118171622642,58.64323170279966,0.3599730125792296,1.3578119260498251
O=C(O)CCc1nc(-c2ccccc2)c(-c2ccccc2)o1,8.981688534372868,73.91054094739579,10.522923200617594,67.78949128961443,97.79954220458431,1.220059583284599,2.003356773122754
O=C(O)CNC(=O)c1ncc(-c2cccc(Cl)c2)cc1O,8.372620378608492,49.615396591634685,5.998919722286309,76.02720244021329,95.05462067727386,2.9458325705233204,2.517964128772729
O=C(O)C[C@H](O)C[C@H](O)/C=C/c1c(C2CC2)nc2ccccc2c1-c1ccc(F)cc1,22.792407520873354,229.2077367937428,11.870690202145868,48.671079658308024,98.62318021147956,0.3583875157064678,2.8856632140887446
O=C(O)Cc1ccccc1Nc1c(Cl)cccc1Cl,16.090321646309725,84.98807303911627,5.330425133908135,76.38050642245904,98.221042351582,1.8629312617522464,2.62319673188579
O=C(O)c1cc(-c2ccc(F)cc2F)ccc1O,20.933776826083033,72.24286604804998,3.2123509036251114,77.14560879963436,98.92576042153618,4.6302592782581975,3.2887288285009717
O=C(O)c1cc(/N=N/c2ccc(S(=O)(=O)Nc3ccccn3)cc2)ccc1O,9.757411731711752,26.441963821684265,1.9708432495703416,85.05477546800485,97.2741017356952,5.60399718108803,2.790147718212906
O=C(O)c1cc(=O)c2c(OCC(O)COc3cccc4oc(C(=O)O)cc(=O)c34)cccc2o1,4.528274860114832,36.82261125102343,7.617338293939607,71.35294216426017,92.55439442204963,4.530337078674477,2.120269850920407
O=C(O)c1cc2ccccc2c(Cc2c(O)c(C(=O)O)cc3ccccc23)c1O.OCCOCCN1CCN(C(c2ccccc2)c2ccc(Cl)cc2)CC1,9.625507856561565,167.7725652469951,16.35024762578839,61.87486745689746,92.75289658825523,0.5971531396866577,2.235588345376601
O=C1C(CC[S+]([O-])c2ccccc2)C(=O)N(c2ccccc2)N1c1ccccc1,10.322285905191778,42.4675956471413,4.003649756039629,78.65762923921207,97.48023341552572,2.544492181568956,2.100997412100895
O=C1CN(/N=C/c2ccc([N+](=O)[O-])o2)C(=O)N1,4.2548405847685125,23.059648240702202,5.417743581468152,88.2189820218885,60.22433015274342,11.403936257164506,2.693450089901888
O=C1CN=C(c2ccccc2)c2cc(Cl)ccc2N1CC(F)(F)F,51.10115232079382,260.15959167899626,3.8260535614602227,65.29314829593886,98.30535373078182,2.480391072352518,4.452243234781564
O=C1CN=C(c2ccccc2)c2cc(Cl)ccc2N1CC1CC1,23.82356278724583,261.7393204617786,9.448736598437623,60.093351597849214,98.55547445618848,0.5627700351775312,3.3629698132754346
O=C1CN=C(c2ccccc2Cl)c2cc([N+](=O)[O-])ccc2N1,7.6764941993693,35.2204322082255,4.319272651427879,82.76653614121054,96.84507298786819,3.8052668478934715,2.3720212168969024
O=C1Nc2ccc(Cl)cc2C(c2ccccc2)=N[C@H]1O,29.598846588858205,122.02766315877894,3.979242205512456,61.829952773223525,98.64690322093033,1.884115227828986,3.298391665563207
O=C1Nc2ccc(Cl)cc2C(c2ccccc2Cl)=NC1O,39.722680371006405,137.7451560756788,3.200680038092625,64.57266630494101,99.01375274592847,2.3330468722866975,3.6328482312977006
O=C1c2ccccc2C(=O)C1c1ccccc1,14.60803009397357,51.13493853727001,3.1832023106468514,80.5149809832576,97.81217944407597,2.440518990036785,2.448831244082556
O=S(=O)([O-])Oc1ccc(C(c2ccc(OS(=O)(=O)[O-])cc2)c2ccccn2)cc1.[Na+].[Na+],11.281051766170718,33.20356471202327,3.148350425359517,64.66489115173896,96.49877696862107,2.4079856768580608,2.1086554840832945
O=c1oc2ccccc2c(O)c1Cc1c(O)c2ccccc2oc1=O,6.16055816909083,50.819642542285244,8.727924302724379,65.29026209124004,96.67126485110434,2.579602507383139,2.155758023414884
OCCN1CCN(CCCN2c3ccccc3Sc3ccc(Cl)cc32)CC1,24.191481677489097,1117.544247537264,39.70777681240962,51.80589010463723,85.73267232374124,0.22304327942901392,2.8936139263224385
OC[C@H]1O[C@@H](c2ccc(Cl)c(Cc3ccc(OCCOC4CC4)cc3)c2)[C@H](O)[C@@H](O)[C@@H]1O,12.353630830387605,133.066271441758,10.41834639818953,48.1417323227654,85.13073732968193,0.539062065111563,1.78923219170803
O[C@@](Cn1cnnn1)(c1ccc(F)cc1F)C(F)(F)c1ccc(-c2ccc(OCC(F)(F)F)cc2)cn1,96.05857152021721,335.59038633536403,2.9660932762837766,71.58780747127813,97.92269362186526,4.706645289916012,5.034510028350064
