row_idx,t_half,Vd,CL,F,PPB,Cmax,Tmax
1,4.270555044756432,91.90808650606877,17.310461315239746,74.03652295906761,52.44915759687367,1.7318155073398362,1.6498819833524982
8,7.2672297411709055,331.36591326478515,33.37469458574528,60.8589118162363,69.53594076986825,0.263103933291921,1.996951054564781
16,5.881175244902239,36.58628655222175,4.506474460714202,83.41146582928317,96.66633393073081,7.051430494593744,1.8647464726194527
18,6.157791433847034,250.15603054583192,28.59281269158496,60.992160127350736,59.21966775097883,0.3406966514289837,1.7548731406962594
30,14.156893578294733,567.8874080131397,28.78373701275792,63.01773359218835,87.68382332785258,0.24388575088476433,2.5388186411870586
34,13.755450789801856,485.6283376956879,25.772458568072487,62.81128907359164,86.78462814892228,0.2666569627743153,2.7441650379430973
38,5.042162622371967,18.733739732595083,2.9244342780150463,78.09683290956174,92.33945712992332,9.710921217192515,2.111534350769285
39,7.692298596880633,67.68092281216477,6.563222603390917,77.91590189043025,83.81243335915823,1.7856592365224873,1.8862429270666126
46,8.123753566725982,336.5529178853179,30.260561469978985,61.63215677247358,71.5143635117922,0.31160758402244493,2.046593751253693
47,8.295419873543718,114.02656364225663,10.321722816169673,77.89167869940178,92.29805981172444,1.010048155671744,1.984522631489129
48,8.123753818418626,336.55295485839036,30.260558279386185,61.63215669223341,71.51436321633408,0.31160758402244493,2.046593813840122
49,6.110058927299496,20.51879619905771,2.6523097907427235,81.19044026436313,95.12061169875919,8.368149983917593,2.1859076102954185
54,4.332524422150361,91.60397125027723,17.47738560627598,74.327552097178,57.56971646876614,1.401984210023811,1.6951577916604434
55,8.017728023625267,417.90887604347864,37.8201566860718,60.714559734850354,71.10504398547447,0.2179305616794275,2.13278268450598
56,4.638477992889523,72.3276012929193,12.430542181653824,78.49844051951297,64.87250096882507,3.9602402744501903,1.7442040521003093
65,12.159719203360385,524.1276734856981,31.028879876593884,61.82899440237013,86.86078469858137,0.25988748429390096,2.5682716286423544
69,11.50511222337418,261.33391603834724,17.247625971488947,78.63206066381942,94.78778148642073,0.6443350647873658,2.398811720049767
73,3.9131342084963725,22.583151329316827,4.125698881268226,79.36244100720818,93.86286177351838,5.616029367000398,1.7042583065413706
74,5.553702532492987,80.78817824592821,10.602934535044795,75.91925084003788,56.349328230508796,1.7034365154723652,1.749443565020237
76,9.044136870072313,20.909001948672284,2.1765310409329266,80.83734110651565,94.69119249348519,10.544297725273477,2.752164012141143
77,25.914384964081442,822.4937276702533,24.680263346697917,64.52514079201168,91.43184645233751,0.33767882327644927,3.4623441799640036
79,3.7500640261714415,80.17958397044131,17.334922854841352,77.14149674578604,45.56781870652896,3.3021116015855823,1.471861427411822
83,14.91914768194896,549.4645109508674,26.98947980164736,62.70443801959328,88.02486981201113,0.26452520580728617,2.760998334812634
84,6.071762821248078,37.13116834646608,4.362043660507472,83.11249201091681,96.74875671722664,5.098962002317286,1.898290644767311
85,5.62861565279551,134.5192695160399,18.269421486022715,76.05182586920427,74.26991730727153,1.028036154124148,1.6792664441301384
87,6.419567006920859,25.069520524275884,3.071673673608811,72.64218120572434,80.0119616044112,16.647999034283362,2.5781494191790313
95,5.524211315086519,36.998267547511645,4.910277909995712,82.72154419226504,96.3154340432852,5.9502362169776415,1.8726961690607804
98,8.845516933853181,173.81377247981854,15.58869712002081,77.43266782592384,90.21244152427175,0.6838650224262192,2.2739786035584775
101,6.458946084170181,116.48901379008846,13.41775882151371,76.26221542356996,67.72877878290063,1.1349250286018857,1.922244304976731
106,4.546499345515334,72.006951436154,13.531773606567901,75.17076666641346,52.42181254992812,1.8452290611595419,1.6778386296402874
117,8.746365333544611,346.1445912047474,27.524290367075064,61.35326356597875,76.97378408189338,0.2438480567773394,2.070959239488169
121,8.313023757059103,85.214457962289,8.551514835458054,67.7973309603469,82.14704715482586,2.0488704349380913,2.032142754520544
122,12.619659443786306,583.6883987764741,32.281236069652245,62.371070719714204,86.82511153632353,0.25250845593352367,2.3660322141287833
124,9.381872887444299,375.60053976350736,28.006349165064485,61.91271064615057,80.75917155539496,0.23537583899307282,2.1724834262230504
126,9.067829000113537,434.2896782530509,35.27379841482478,62.05523127040101,74.38766239833912,0.27683369556747794,2.0739129157608067
127,13.867408151283911,666.7929994656885,33.85371980330124,62.77118024361723,88.78107073402646,0.2337453898818505,2.576091972928711
135,7.329748034792544,133.9439545628724,14.09324996138869,77.47635909832964,87.77616069878539,0.9636378865267184,2.0018157727546058
136,14.52885271059875,694.1134377934115,35.761583138489364,62.733447561550044,86.80362514111125,0.23363780247129012,2.596747869028219
138,17.25120197943981,759.1370399330051,30.944138634096447,63.5223129715075,90.4615280666357,0.2523943457098406,2.924099538896736
142,6.838951786020582,37.06394773792378,3.9814020251060596,83.10607103882947,96.68290613442237,5.169225698763621,2.0212341730282715
157,6.592343558400396,38.437003878807786,4.300261661712236,83.74326102501638,96.8493130032599,5.917007947078487,1.9978512638089885
164,23.03299296532079,754.162315684963,24.861584020748122,63.14846351448364,90.49338765756644,0.30722570686047834,3.3126462195444994
165,3.7465282444370454,22.12419683315907,4.289283430420132,80.3795254833227,94.22168924080464,6.48747683236631,1.6456897191932476
174,22.8219754396051,726.8471912005075,24.69086535267754,63.70116257241243,89.9514578592677,0.2672838059473222,3.254822165302591
189,14.281918319497672,475.73053576473575,25.008236266185175,62.15660092790695,88.24666918141328,0.2766962245403343,2.7637247843596513
190,10.676366231019578,25.12890571113683,2.2701514523157034,80.27925570150687,95.30620513276061,8.66522939528862,2.729744217657732
191,4.905714026257074,55.462343305013135,9.676724064716762,70.73569651523874,57.74412878073989,2.0054496405500872,1.6595536533728688
194,7.368584100184942,140.7636641928556,14.619448023295826,77.04279524115516,88.12239098440696,0.7318035409044832,1.9184763713736266
198,8.264505298931915,85.10230560759047,8.903403717099048,67.29148931117683,80.69035653653013,2.2542670983476993,2.03727034353731
209,3.9438403562954685,22.898586514197483,4.173508470231431,79.39329830208833,93.79370516712473,5.757826605872438,1.7042315717900447
210,2.593129343256086,66.95193953443734,25.47970335015369,75.7122314172477,37.35385189790726,6.781997326667396,1.2934582707794369
215,8.5342718444135,20.372450118806924,2.1665804019724524,81.07600889616626,95.13534556785436,9.34271289943877,2.578895437078213
216,6.14700185942926,308.3267815619212,37.25262675994257,61.61212560270491,59.75774459292448,0.32016754296213723,1.7420203882540324
217,9.224817552855008,186.39251189033126,15.46484157319971,77.41442151627211,88.69739369178043,0.7089217806628137,2.196657319682763
221,9.914611389659942,147.68234949883225,11.559427270233908,78.47766961475628,92.90186512778726,0.9585814180809511,2.1745092577276726
224,9.411305820536052,159.48053468753716,12.892870037983911,80.64529337669956,90.48472598000305,1.5859873939627591,2.2030938236461575
226,10.80545700359009,166.1652665170197,11.549684402328756,78.71404614256774,93.84475633509388,0.8579489440945786,2.1224165978317053
242,6.555448088998037,34.37605358375663,3.8931285611490964,83.23828672372727,96.39654139621771,6.3659775254640065,2.0291212178897315
245,9.845339248611436,132.37040481629768,10.15543916235087,78.36502522537285,93.06947130325565,0.9415213566743954,2.0380216680352587
249,30.030417775535813,2694.4412176584237,62.996787702732284,64.44107629732935,91.62944599281545,0.1633502637715249,3.2841495511894307
257,10.675443229940052,365.49611949653115,25.712179913231342,76.63477046988675,90.18620293892815,0.454060410539042,2.288760015415417
262,2.570926380939298,49.86701099558316,16.298086012206085,70.29611850466769,23.732651674832592,16.36614543616738,1.4442011241030146
263,7.315430490930671,304.2116382686168,29.284187930363952,60.35838093106911,60.6202787111495,0.294558174710337,2.044412141043626
264,4.6712809955214585,124.59923584964102,22.02400292188495,79.54657457576647,62.49733208594662,3.335632697839567,1.682212280785184
265,5.061265695218063,67.61897793972722,10.050646701359348,76.03858061297777,63.429623003469445,1.5931151531347154,1.5527003175557192
267,13.07802268583136,538.529838516081,30.498372647700272,62.39221686824605,82.33236656898366,0.27663048203063206,2.5074987879120103
271,9.53475322780945,391.9962238982719,29.929911462141774,61.09666795477092,78.74412456618477,0.2932824603340215,2.1616056779540864
279,28.118820330443885,206.71890238263296,7.425239972487463,80.12302305726756,96.30645661902555,1.0831704208950712,2.8972491324170266
284,4.070423580152985,27.453232085012257,5.10807659981534,80.2399841275098,94.50344894737846,6.7095386240134305,1.6520907520105699
286,7.677586265662464,94.70071522285022,9.302131383326287,79.38056407802453,81.1311570655212,2.994807336213529,2.087425888380275
289,7.140298387597814,108.55196596015962,11.805447072122202,77.8575192909682,88.06082238121321,1.365135988868451,1.9678342539822125
293,11.223538545475256,215.70972156295002,14.565979202851015,78.19842204979304,94.12349122395906,0.6694395059928668,2.190931089661122
297,7.068956444320486,263.74353531538947,25.843388712846213,60.31846594036159,59.10944039446652,0.40528349633753713,1.8604756770009139
302,10.262963559203069,403.36201187559266,28.087609218029495,61.852075582017335,79.0349540989068,0.23321579637660256,2.321488770005915
303,10.721061823553882,384.49142336731273,25.65647551666864,61.958182003835624,81.87417848222306,0.27289248529053745,2.2936667370641586
304,7.547834660192787,156.54426996309417,15.321035672337961,78.17173808406531,89.48379801509982,1.0684055759383022,1.916236492110638
305,6.609661157829042,127.58582027492214,14.641525528417963,76.47869956044346,68.68795420057438,1.109136833932634,1.95437740335355
310,5.893362478029218,31.067146153506172,3.934146409552798,82.64208558786677,96.16709632540424,6.015818327039493,2.003168042808562
311,8.382037126076076,73.90979459264072,6.822320640833413,78.55412649684202,86.19162442517168,1.928878709972341,2.1086166092507397
318,27.395124669375445,239.91880174017652,7.42603274663494,80.56284971857585,95.78596554931914,1.238599559165118,2.910707876957427
321,12.051462323869185,143.18273762406372,9.365512368753494,78.68546159028143,93.88114493928322,0.9980822582187804,2.1471317924020026
328,15.028843360300204,207.71200183676274,10.97378328291723,80.22304017166206,95.22203579813802,1.0234103785918423,2.4293491048636193
330,4.2182409908183836,94.0808431117777,19.456091723599073,76.84582482455116,58.718165781279865,3.064773252883193,1.7585720288248812
331,8.28497076717925,184.73532746582327,16.390534193788255,77.28039828111328,83.59118814920961,0.8172183278823593,1.923790502797613
335,4.2295865411727345,22.18963745864479,4.395949219772172,80.30023167964858,94.67660264264542,9.091161823701038,1.7102492902835151
339,8.632632972379994,378.2453628856004,31.413052999867745,60.802662710725635,52.45325493463933,0.4498715685889502,2.4780371873336313
343,5.35209786913407,147.45610280216556,22.9877029058328,79.41802922451488,68.29213980895699,1.8109659127306006,1.8581558293172642
344,9.577424870434916,139.5457644015369,10.745389918972696,78.35902497369952,92.16602037471625,0.9548379736067508,1.9872837646844375
349,6.019628780336978,23.86356284024862,3.074815474870328,80.05164823945728,94.81436766090386,7.216878368408987,2.1774768327849077
352,12.485224986440198,194.81201105921156,12.042560221537368,80.00388118481952,94.83262767391588,0.9699794132430366,2.3147751088649064
355,2.3464199808037773,27.422872771072598,9.058564781390226,65.89154770975517,63.476588278180735,8.854915090673938,1.4918847189586093
356,14.64606727283834,513.4127106397953,25.718634816053736,62.39127864792734,87.70262461546582,0.24206287196037996,2.633235759363911
358,12.497339439438033,52.92766973089689,3.3337388002423225,84.06276756264246,96.82640426967922,7.314826428686255,2.5566510825833157
359,5.964603094003471,118.53971928160577,14.575668593293548,77.68358688715392,82.3832973751865,1.3755788885533682,1.6935842626056747
362,9.478108337186882,146.6412892758255,12.24887657947914,77.78212102559415,90.57722727772963,0.8678374105086446,2.1170275269416314
372,17.59992772967319,259.92251639458937,11.459460633897995,80.5505231950697,96.06549112392955,0.9507911356115617,2.536643602180836
375,5.674678794930298,28.222164825573145,4.065103167171172,81.58131005618797,94.78886278625055,8.853332312409767,1.9684573332828261
379,5.49822307403789,423.28859218303626,59.76539494185948,62.725957504952,49.72048880434412,0.4322891183797905,1.8440824663996747
380,35.02277654305154,307.4816995002594,7.495937486860745,81.09091608062889,96.17104176032107,1.2966696605719519,3.119119180569192
386,8.817889072102053,44.57973244116069,3.7559309419428084,83.72909830722969,96.72815304479461,6.088329429842956,2.238669225778585
388,37.972485077198975,617.5831785005887,15.230349523966762,64.8900939431345,90.31546337866362,0.47440147870573773,4.390452935743716
389,5.686985475827592,31.152439303564428,4.090939359704586,83.23714215842128,96.44679429501291,6.654075508852797,1.9954799758398736
391,5.030883301975835,113.47927686085015,17.599381981947477,76.19981229384243,65.54631100983813,1.286144332098738,1.5793510186526039
397,3.036777700556475,87.91757080366817,19.361342420514795,65.09589554991256,54.14213451226592,18.21053093404172,1.9544537124999022
405,11.697284538427976,189.93867720727349,12.507433736661937,79.80206678257724,94.74677563837376,0.9718885623489963,2.2873133130928616
406,7.809868292436475,306.90599793696526,28.59234332640749,60.86165673000479,77.7247430392426,0.2535372052134247,2.1076252519287393
408,8.0125207382311,29.14558135175212,3.141872287220026,82.96159055801856,96.22992464987595,7.177040955183509,2.259816436567365
410,8.342013173116172,324.872889626922,27.44776421872148,61.4352564678965,71.090839455379,0.29198111306018654,2.0900031202252274
420,8.49488650708778,276.1127719220368,23.007891084201088,63.01036617576301,51.18937906737601,0.6639617242989465,2.625651583734374
423,5.708709629654201,204.01927034184027,25.952980043132676,77.62603084197019,65.84293710101593,1.9773741056641732,1.8602747864171831
432,23.853092811335912,2180.6204802010207,62.52380327514565,64.49262798438642,89.91682254231412,0.16721859600611433,2.9510600113972174
444,6.637847997493192,270.210363709342,27.75238265108922,60.979028200361746,60.84426550695649,0.31762191747057156,1.680205107189499
448,7.627557064446061,113.6253813655538,11.61118467748651,76.23831867971634,82.83355286108886,0.9724915776588553,1.8040081789895068
449,4.60622779123473,60.81606974850066,10.350536622186954,65.86293717278795,67.51768242844331,1.9583858187880303,1.7674548665791434
451,3.331726254016676,25.445829784975757,5.912073848111266,76.89096371019409,90.9903375277836,5.696986027816447,1.6001819691473305
458,8.322388292501362,154.15306119907063,13.619469380458014,78.33335905797756,89.28476467659381,1.0401271084231192,1.9078688771125119
462,14.933131725542102,246.31820515283525,13.006590180658165,79.2913527940332,95.74532441599382,0.724464962290264,2.5076760107943414
473,10.173039340985818,305.4652365595186,22.027759080756333,76.56766849011642,87.56035256387113,0.5311882853118666,2.178754101498858
474,11.230094680105474,495.47295934067927,31.883021718502647,61.583584837290076,82.79270014497999,0.23550204770555233,2.4647544554592145
484,4.576505499932418,33.186655250587414,5.492812460191037,80.55555994158185,94.42615443404542,6.588072713040137,1.8981970432136595
487,8.37033463670696,447.83941631351183,36.3392778625743,61.79225011516163,72.18422297387892,0.26863230354583506,1.9061807314338601
489,12.891095940230818,146.3390320202554,9.047413623895912,80.14282752676382,92.47293294905947,1.7871735925385253,2.386394727617767
493,6.304533468141005,44.081793771903925,5.0097905606037525,81.7947842928646,95.80310856024397,5.7122387192528175,2.0189452724413175
495,15.923361512286629,673.7393161978695,30.234749800056175,63.001187206592796,87.60044294291615,0.22697976480534657,2.7544871262768056
500,5.331358779906151,123.41631403412543,17.82514734573265,76.32203685141876,68.84304523038014,1.1702323760282092,1.6148898931069617
503,4.238126158544671,33.48743197608577,6.011057528208006,81.4991883418106,94.16753393339269,9.380998544745896,1.8639172481266109
504,13.457611415080049,571.7449625167812,30.542201110514174,63.08031934019216,79.06297431611313,0.33776787538181857,2.801291709530439
505,22.423643609225355,207.3142949332645,7.664556479493617,80.46901476659863,95.1690300408408,1.5956285530301488,2.8505140432837677
516,7.410515766792267,34.32695591518175,3.6090497391000573,82.38439381166242,96.14100007892455,5.847618082989817,2.2745464638050708
524,12.44801605868808,614.4975761824976,36.65247625410476,60.84931646383477,84.33779244009752,0.24272201800456758,2.4951508185190785
527,7.8083662258948605,115.38655225707937,11.057216486568283,68.0163024085485,82.63836969825847,1.309764642186377,2.0208548897431178
529,7.727723971231404,145.4139924048206,14.155959189747296,77.4233888888449,86.85049966697963,0.9013190541327146,1.962179096601219
541,6.267988739057214,113.50133409275813,13.915355294415605,77.37991621323378,88.456527304146,1.099798932738736,1.8284175926722142
544,6.729094402854145,53.15395910005249,5.505519471295901,80.98478276717705,95.38037481315969,5.199654194909543,2.0774783401712447
548,10.700243109203615,437.28267374021027,29.939390455990964,61.882697604410055,77.51371089298537,0.29124871749769404,2.3775441442699794
549,6.71501667552551,136.5288350628461,17.01019196733319,75.47490753647108,81.7244171369955,0.6517082192926534,1.9040492915424665
551,6.695234155813625,263.2924887798786,27.202773443071464,61.33383324486017,64.27800780537707,0.3263863660917653,1.6797447435406323
556,12.356682234747538,417.37591090835105,24.987458212724988,76.73917047489803,91.45892519829572,0.462776294644301,2.3904856595222883
573,5.903277806711822,111.1273425890769,15.298069419296217,76.60891870798525,87.40097027346239,1.2271945876632766,1.8583387059908136
574,10.610634458167048,130.52887876909222,9.571120912259593,78.9147838396209,91.4641482920828,1.4448307596933891,2.180982539655791
576,36.75439815972328,209.14050479214194,5.6338161793072405,81.63728463376637,96.26347839113882,1.7840478608056336,3.2461618701080868
588,6.102925770644655,135.69144379507196,17.19159641737027,75.9927955686128,75.93447601837727,0.8040090413963921,1.7746480054058058
589,6.649485986517834,115.3618543755646,12.644524373339749,67.21493243412672,73.74252463772766,1.7652013803847502,1.8183134861609844
592,8.26450491288303,85.10229413921623,8.903403851582265,67.29148963080942,80.69035787961494,2.254267049952612,2.0372703683785915
605,8.080770096252836,27.578418346476877,2.8823683058827867,81.9888599644569,95.85435090581664,7.713964919101121,2.4768913227414218
607,12.920654662720404,132.41835141564158,8.035905822202215,79.59140818373538,94.46664799378767,1.2822993816895485,2.275758167335069
609,5.045350697127153,45.57704681401683,6.425001252622325,77.85581090924165,93.21729845735386,5.1110429152882855,1.805297008573459
614,6.964892488200351,103.28482270696085,11.460407752688464,77.82543385427847,83.71862251561619,1.2815169217740014,1.9131735955439233
618,11.509196279499891,455.4284316252213,29.122131335729488,62.068761766548185,82.83388688068484,0.23393774786391758,2.40423019208984
619,11.588615820763845,351.2912461635128,21.769753531937944,76.805865279085,88.3578881754743,0.5282487320682144,2.3122011547735566
623,4.910778420866479,62.1834298454452,8.223869069295219,47.66709711780984,29.514665511954565,7.66250337465699,2.90798113630517
625,57.867866451240545,3509.36714407915,46.010665812117466,65.3710213817853,94.51594109556139,0.18350808419875972,4.824790115968262
631,8.146793739618145,150.8290671118481,14.001062335168916,78.01111376035215,91.95800116782986,0.9350532553593922,1.9836782622396787
633,4.14570945517799,64.82159215615462,12.426903513713691,76.41104515367064,47.30135698460602,4.227018744343232,1.601071126317331
654,14.724249005104932,629.8439285586785,29.52698249387464,63.38258087445452,83.50926318062122,0.24930683118410218,2.496173852517389
658,5.789497623989511,204.882470957596,21.67030278310177,59.341184938137545,42.1180580510038,0.5221017794380991,1.6670155824830517
672,2.5940608138159496,22.8007909959207,6.842526647321566,70.79477677319032,77.7567002524788,8.00303700852022,1.438626005350729
677,6.3758400006588545,114.04156172805979,13.283125556118275,76.22225612270812,66.77052731134381,1.1706417815618841,1.9124205633203009
688,4.290893998104755,44.29716529513421,7.419022574467192,75.10576665438865,89.80814282715296,5.167934358473798,1.7465327500579417
703,6.869341780954329,92.8983458084204,9.343814183554272,64.90230151171332,61.67120712733627,2.422577040584585,2.0479753424098783
718,7.9308035430822015,350.9300994662378,31.973310647497783,61.82529690926708,71.15536283381955,0.31052554689228823,2.0267295344586698
719,24.49172103384955,1040.4712263000542,31.49829239934103,63.658738594625916,93.75838366840374,0.22297476407912437,3.147478440552947
721,5.184668825522979,209.44172250299852,28.06964005402895,60.84778700850736,49.28295476347307,0.39257282888525225,1.5292509802476209
724,7.6397130289222215,138.3845503138258,14.209296300187782,76.97882887382173,86.00343194232364,0.8039167110232018,2.0763590505525786
728,5.781511772473467,286.9854515941804,36.69207707033509,61.50031770217218,57.08658260232719,0.3296581459721518,1.6625393034344804
731,5.828539708543875,285.9997230862999,36.142303024579974,61.41503294606442,58.00458327543797,0.320216722865345,1.673848914046386
734,5.080434381912005,28.668167236206386,4.155701361012264,80.88657858007784,95.09628417177645,6.19962799222591,1.8419436732700418
747,9.183675674694753,411.7702612056868,32.45295202534826,61.42594348973371,77.60108730795848,0.26672752969547175,2.123705717517999
752,8.958905888772655,399.50849590122874,29.42136195906689,62.31600729419163,73.19906560375293,0.264496171140072,1.9887922928994286
761,17.21965502939451,765.5895139224202,32.26064645027076,62.865625388932436,90.63609018414036,0.24475153184366208,2.9522069472575145
762,11.609660234562426,462.5791913787335,28.521131822912945,62.34918464788323,81.324524931127,0.282685146961129,2.3484628692576806
763,9.415713386446793,142.5703187022678,11.863591303984942,77.56108709935913,92.26108795991642,0.8288602993542517,2.0362364565468742
766,8.247203317154245,204.28073534716606,19.31035120491996,78.71257652319821,79.61525188238056,1.186275073358615,2.0304888876495615
774,6.834520531383511,368.52396147315574,36.44962828578584,61.825845018111224,65.50653712606999,0.2733365097699495,1.733162251656207
775,7.738826580027234,116.52067405828204,11.462774272332423,77.07859378268674,79.9243535496797,1.282332975258358,1.934850802108091
793,8.495297115807439,356.45777770421233,29.911695021394245,60.99595196415902,78.96588008414079,0.26593615155944716,2.0629713783215946
802,12.533935854460001,655.9287389295574,37.56675455876852,62.493306054552974,86.17637328536009,0.21965732608006036,2.392371048279145
807,13.034763776447983,4579.0542293814015,310.3445817043971,80.79798069747494,49.89508729776965,1.7506612164999236,2.2643843830891384
812,8.495297356816797,356.45777770421233,29.911695021394245,60.995953060344604,78.96588038989027,0.2659361578648447,2.062971380116729
824,6.569424850525451,25.103383329304023,3.0220712802200524,80.27776159439699,94.26716605331372,8.282950952616776,2.319502580153161
827,5.990332661707109,96.77090084067353,12.59733983961739,76.79961007192664,70.33752640966398,1.4002655520568046,1.7479844929423272
828,6.736542330409767,277.3148648653513,28.927054120259847,60.07637315502725,69.97947445895673,0.2667558562920307,1.885820050612375
831,7.0131671145685415,329.469648271188,33.1597032236308,61.51044080068948,63.859785033551574,0.2887213682150075,1.894932803583523
837,3.2681495672539143,28.08378166599037,6.38954298763178,75.82003597461889,89.60957584025637,6.149215253030866,1.532407015524756
839,10.101012083574874,443.60291899290604,30.585099935605193,62.28301273417311,80.22136554528578,0.2563600800905096,2.051094433508424
849,8.746365943139534,346.1445912047474,27.52428854495208,61.353263485736036,76.97378335752418,0.24384808172397004,2.070959333380041
850,8.746366074866165,346.1446196811629,27.524290367075064,61.35326367891783,76.97378326616857,0.24384808172397004,2.0709593236620933
854,7.0417854012797765,50.072766561452,5.1801094089237605,82.63405692867617,96.4257410572022,4.937224819500054,2.123731683982725
855,10.141935599395016,738.8713361659371,44.59536203315214,61.290167279273305,67.67677109864937,0.2335845523969387,2.0617651344033616
872,4.247938952692661,28.442729818871122,5.157437225036304,81.60650927210152,94.96236326018945,8.399639569054722,1.7699769298524113
879,6.321256709012853,102.69710369359282,11.74888902955784,78.02545646644364,85.79039322484849,1.3656556325371356,1.7387524419164144
882,5.6603616562286065,29.65331396149363,3.8216590655993685,81.47683012781084,95.4141879400726,6.534844262505852,1.9246924033749804
883,7.919119557880149,175.11277960204725,17.84651983753691,78.49281536761573,89.65051608467394,0.8434421078084942,2.072852725362203
891,7.324252096491717,130.4593532983974,15.277675689380558,75.00893299961425,87.52048506847638,0.5760230191511427,2.1494137136497025
898,8.119577888778494,135.89323269750574,13.03994839801752,78.30468648454914,87.85946250505343,1.1149913572317458,2.082912393000439
900,8.014444290771078,53.48125784329695,4.83029004725182,81.4960027240293,95.97005018962122,4.733085873412152,2.1009182100177695
902,4.748600631851763,87.58980746905786,14.963951643135085,76.60550954457435,58.067337251611605,1.805597430678229,1.6048802516228762
911,4.374282748886375,28.476487520786044,6.236253151063378,75.78402778736181,90.22371965265513,10.992386895232821,1.921635511995237
916,9.656768724379832,117.26749483332515,9.738043892611742,78.55834312569229,88.8008485365119,1.5419545239291592,2.2736829885140475
917,9.92549226167387,122.84736320017518,9.638538653595164,79.12159631312373,88.81193399435975,1.77040959037179,2.2659997059154255
922,8.856934937289493,146.3823665316591,11.815358895714292,78.33959071088773,88.71147887399752,0.9939312197109833,1.9328136666435793
924,2.076131231630801,22.885744230428063,8.585979411256512,60.51923612387649,49.20931989082832,14.357192612125539,1.5341698051353894
926,6.473286326190101,80.14232950890766,9.364737881155577,76.08358188930306,71.1313746350725,1.587410797701613,1.7622170419530439
929,15.92336246414431,673.7392575260285,30.234748093070657,63.00118791754987,87.60044352607837,0.22697976460823216,2.754487153310909
930,15.92336246414431,673.7391527048253,30.234751192226913,63.001188355224826,87.60044452302256,0.22697976715852927,2.754487076074954
931,15.923360674630004,673.7392473782618,30.234750079335253,63.00118741218948,87.60044351844799,0.22697976159268435,2.754487076074954
934,5.025525665543241,32.34854012705612,4.960305024527228,76.09425354968899,90.35834014692072,9.285280368749167,1.9060782972275874
942,9.410157141716853,426.1808581281786,31.674760035840933,61.88389592296071,78.1294116856736,0.22690701557081744,2.177337867179137
943,11.048910194148451,189.07096170162805,12.87179898411841,79.90920827228462,93.48253346755786,1.1620404205777313,2.2483001463644037
949,9.167410016815221,236.0646055710371,19.444659322785697,77.27028386415422,92.09435971994901,0.576774465748963,2.076259870994405
955,13.244614572813962,540.8365204186089,29.031857686400496,62.75061169105588,88.29872692295905,0.25136211273267306,2.594616948219944
965,8.43859808142208,141.78001038676302,12.401111034358618,78.73121114101112,88.7933375293936,1.208332202535489,2.0125422624599834
966,4.28556568826627,29.784497443619387,5.276292614002539,78.74394879906035,93.63813089222991,5.411960673477848,1.8392336239868208
971,78.46912432932533,1155.230175933304,15.992082989469605,67.93171297338401,95.75946104702476,0.3853247966451852,5.59945738267466
980,8.312432916708094,170.77170195403878,15.525629319868884,78.12036501002362,89.15952863651962,0.83822095920171,1.9436038655155112
983,14.58120185162243,396.63591411153567,19.774736873553888,78.79225459443082,95.16548617127623,0.6186094858204546,2.3867420522289313
991,13.016659482694568,571.6984366460395,31.311322780377076,63.19823552575433,87.34564986807041,0.2516734724071957,2.4881412754010412
995,8.90439688030312,272.6482537981894,22.465515666987944,76.82317849919231,82.94794641964145,0.6081449201040977,2.0867698341094916
998,19.50119101462372,194.76939888593188,8.122793551422099,80.18913976655679,94.68601404965209,1.3679842295451794,2.6598406311729828
999,12.352319000097904,605.9600044170277,32.198308671220154,62.6759122474715,81.3484821291019,0.2400799737109173,2.2310994733086433
1005,10.534335055444311,188.0153519228477,13.192061380626985,78.28719094518563,91.02383237176744,0.8493164056046292,2.0658049737085094
1009,10.024125953936698,569.4102338869973,38.33942177016863,61.54386966840525,80.40603769260608,0.22306825042165648,2.0077697975684616
1012,7.469609478290754,34.0645028206995,3.7821107789477715,77.80739369619339,93.30364700427981,8.540583902241554,2.3109611660056
1013,3.4351021311251637,106.32286149225578,27.493828222083316,77.47086444136814,41.60218621762533,4.32981554518826,1.4153261140844
1016,13.065680460886938,54.91046952176132,3.3749070270820276,82.58105830544577,96.3953985020375,6.13801525827075,2.783546996663992
1026,28.752379313054483,255.77346690196129,8.105930380478444,80.44843973097876,96.15044725590862,1.2314209543457981,3.022540144768632
1031,12.893458018084582,403.77728588567635,22.610354989090972,77.22606357659618,94.37850037117809,0.48873945528442003,2.3557601961714543
1033,10.713252823896156,138.25891684773686,9.623750309377733,79.04338544884186,88.08798876080648,1.574385598147424,2.183645333934236
1034,11.907321080174622,190.53978047200354,11.549750303698577,79.17062461525718,92.89501065519198,1.2290697896349303,2.1612063519539197
1036,6.631102559660357,125.68995920928037,14.714664131893425,77.54294905718442,83.04812733979335,1.0624838882716525,1.8678479837349786
1037,21.26929388652453,190.86513978293246,7.254230218371889,80.97581203522891,94.50659760787764,1.8016911293943791,2.7163962552591583
1040,9.496088346499999,253.47045082310495,20.27733027177553,76.43949870328629,85.39654422032552,0.5791130070038045,2.0677824683679935
1042,4.097633258820205,41.5293510630544,7.138503116585807,73.22652534571779,88.09589837691075,5.07511389934649,1.6884909721627424
1044,11.233672659089411,189.9165399839099,12.745355494200794,79.95495204020422,94.04307527751209,1.1318064318969738,2.2426048696249716
1052,23.788427937813086,243.52263343922476,8.000818227300824,80.01338354161001,93.91650222025854,1.4131852174954225,2.893119090875591
1053,7.7544011215706545,119.81220833522104,11.669030641509455,78.79053056874719,88.97047058742865,1.1702331693664474,1.956869708089527
1056,12.8025373441241,518.7426205115933,30.259555408463893,61.0988809248862,86.14221694906895,0.22638336718024035,2.7837475233263445
1064,26.474220531425704,224.88799530250662,7.492276465730958,80.8157096968307,96.17445450820901,1.5007637155999085,3.077501296771699
1067,8.320006394603212,120.82013221943687,10.79249103233376,78.48366850082759,89.72589650568716,1.1121385387092557,1.9934937035590994
1074,15.03161215064238,614.8826102582854,30.279389550871137,64.2760310649177,85.4478597492539,0.3113211368016804,2.7106461460021727
1076,9.118955101050659,395.20364422562295,30.390348865388525,61.71295921884807,73.43087234650525,0.3313474087676248,2.0802856095480458
1080,3.7325400768235504,29.499969292732068,6.2515689604691955,75.26478463866661,87.22486593238268,8.485845417692433,1.662815536175365
1085,7.341102625451986,122.2495884093872,13.127264319136117,78.03267997421193,91.58067211720618,1.3720250831064844,1.9611120385291367
1088,8.966119521588615,123.76374178664996,10.323917638928506,78.03105689565754,85.4575284086842,1.9060254643093368,1.9401090046110467
1092,12.25821761567921,165.20481439712813,10.303662548207672,79.2294530835234,94.02135154095785,1.0849558924188116,2.3329227034910174
1104,9.827242368779654,459.69629000146523,33.972197717201176,61.88045291489941,82.58277769297595,0.26941565340692303,2.32268041311242
1107,5.345099959678104,28.488026806010897,4.892409871493196,74.39936367861131,90.5230702547872,6.142030523107909,2.2921088661581104
1112,13.992844171775442,748.4424277078642,37.501957758769294,62.71721699149485,86.73004592611252,0.21613970082250417,2.728599699414427
1114,9.478108287211723,146.6412719253413,12.248876687896612,77.7821215386827,90.57722790324475,0.8678374471233777,2.117027438880006
1117,10.809346264334703,206.96481027348327,14.781820456945246,77.61674521748539,92.86906085642335,0.7270958828551308,2.3115861115205285
1126,24.674971507163313,247.2945923778224,8.268276056772745,80.01997382066615,95.37317642710232,1.168291045745132,2.6095442305116303
1129,42.768049571841324,291.080978776968,6.224828732302792,81.87455237055225,96.3820532274964,1.690943271412189,3.5333684412432804
1132,9.138752147433133,149.49072294553213,12.320477680546706,76.90358646205004,91.18067457262943,0.7282892224009384,1.9768706729173755
1136,8.720926691213995,117.90344767235823,10.555068873677978,77.91430009923631,86.36335382958029,1.149678698120594,2.0440839623163436
1140,12.253661881384158,584.026191923411,33.298214600298515,63.08186113207137,81.19785534838154,0.26037838306894284,2.266553310144663
1146,3.6018105560002978,34.16289781374681,6.702124211093237,60.29359546980909,30.06303580344988,8.613779109915358,2.268970525484448
1151,4.4145546112423535,24.62984526396216,4.2345270430107975,80.29758108005535,94.24251954099898,7.668507687103043,1.8030988431173423
1155,6.642505217111847,123.31856808508846,14.863144816795899,76.89593131224892,88.7315705847775,1.0946837142031152,1.9955182379902077
1161,17.69080751292973,144.07661819765568,6.649463543302112,80.05510756741973,92.89688176114372,1.884159859529656,2.5938052892617693
1163,11.589597803136407,489.89853245112425,29.893557808107364,62.61412073494341,83.97324019893006,0.2685107518923472,2.3910389974963993
1164,9.135296265163337,159.3606575740314,12.828170020388782,78.80325936956471,89.72023242059984,1.0408969071112812,2.0316086870864085
1165,11.392771820753051,434.28573255686297,27.621366748648484,62.595572943255135,79.72597057126646,0.2843213895414511,2.4272330642643536
1169,8.033998217201667,40.37027576213409,3.784567090787874,82.14215129676128,96.12687124865478,5.37831455273075,2.3068817119216254
