row_idx,fold,t_half,Vd,CL,F,PPB,Cmax,Tmax
1,1,5.45121,24.306612,2.0758662,79.545685,58.290768,2.0258112,1.3417462
8,1,8.392868,89.35629,2.9568255,81.66384,76.93938,1.0156088,1.279568
16,1,7.986475,50.259026,4.7420526,74.55449,82.1795,1.3177623,1.7854234
18,1,3.652591,51.6945,6.29387,58.107822,61.92883,1.137824,1.4898785
30,1,9.632515,73.55397,3.2230172,80.83089,78.34377,1.1176205,1.2188493
34,1,7.589458,99.50498,6.945245,73.47603,78.465996,0.9409301,1.3956776
38,1,6.1602664,23.760473,1.8056124,77.07682,63.2535,1.5629721,1.2904038
39,1,4.3173885,10.768271,1.4799066,73.22666,63.941822,1.8467833,1.0816916
46,1,6.5082626,49.526695,4.304936,60.787888,69.15529,0.93598515,1.4353954
47,1,7.7564573,55.849163,3.2485433,77.91724,74.94113,1.4325932,1.6365584
48,1,7.879073,61.65772,5.8615475,53.980175,78.77244,0.6647595,1.4522359
49,1,3.32115,9.671792,1.456759,61.921066,76.62444,1.0749928,1.5226067
54,1,5.2261705,29.446018,3.0123904,77.74578,58.868374,1.936007,1.1377538
55,1,6.0367193,93.70282,4.5696774,77.14929,78.943954,0.91598314,0.99342716
56,1,5.785736,51.66471,3.8680434,79.64544,67.67765,1.6990385,1.5462221
65,1,7.299588,68.88484,4.013368,76.247475,75.95482,0.850561,1.331256
69,1,8.451828,58.050774,3.2342484,77.567505,74.639435,0.9376634,1.367189
73,1,5.3430586,26.495209,1.8374802,75.574844,64.44542,1.2417645,1.2112256
74,1,4.314958,14.685789,1.2528023,79.07299,53.64849,2.7293468,1.4022887
76,1,5.949474,29.225874,2.2116292,80.14781,65.921814,1.9691687,1.2728829
77,1,4.51665,23.707613,2.4282186,76.25938,63.47797,1.631565,1.042765
79,1,4.14159,17.391495,2.1771536,71.10266,57.973278,2.0609183,1.0911261
83,1,7.7427835,62.30392,3.4939167,75.96596,77.373405,0.7987271,1.393279
84,1,7.214971,23.021177,1.5271776,78.15518,62.455643,1.5064813,2.2699018
85,1,5.5711484,90.593925,9.654151,53.86382,69.6803,0.5717056,1.1124356
87,1,4.0896235,15.575062,1.3177515,77.01877,57.074104,2.1863885,1.5200058
95,1,6.863756,32.89261,3.4333222,77.16222,76.53041,1.358282,1.513505
98,1,6.2733073,61.87974,4.551174,79.74847,73.95123,1.0548253,1.1037424
101,1,4.58998,18.25652,1.9650333,79.71778,61.979084,2.0564916,1.1884843
106,1,3.876156,74.59669,8.259493,83.58015,71.568085,2.1953213,0.93676174
117,1,6.526322,36.333252,2.3447173,78.897316,65.572266,1.3956392,1.829922
121,1,6.7165055,20.887299,2.2476647,70.595764,68.64581,1.2593234,1.6199796
122,1,10.804967,70.885506,4.0401797,49.645664,90.24839,0.9248359,2.1263332
124,1,5.1910877,57.95754,6.3179574,73.2873,69.18538,0.99096256,1.4052931
126,1,5.285626,50.10851,6.0512557,58.88855,73.19866,0.6641837,1.2006437
127,1,10.931478,100.29766,3.6897423,74.93578,80.11759,0.7034969,1.7568101
135,1,7.1867814,76.78067,5.0658827,78.58146,74.58135,1.1168537,1.1578255
136,1,10.360285,280.56305,9.543805,78.486885,82.28807,0.8636401,1.5547544
138,1,7.842085,55.494347,4.393583,75.35612,68.88297,0.9791783,1.2768087
142,1,8.633168,52.49226,2.211629,80.73479,73.9336,1.3138578,2.0188837
157,1,8.877158,46.452644,5.7790813,73.019775,74.02052,1.1550615,1.8516563
164,1,11.537915,189.97128,4.5474167,81.06016,77.469696,1.0447706,1.617807
165,1,4.316394,20.12223,2.7568252,63.3229,66.9995,1.3132448,1.3964078
174,1,13.5438385,239.58408,7.2990904,76.272125,90.555016,0.7060436,1.2877563
189,1,9.16384,64.791435,3.1430001,74.97049,77.65036,0.8347984,1.5980831
190,1,4.004588,27.934507,6.7524514,69.17162,75.14901,1.1841184,1.0057112
191,1,4.698925,45.94023,5.4608803,74.56708,64.46242,2.2271013,1.2419248
194,1,11.728835,138.90636,9.996189,75.07411,67.71586,1.1720048,2.053857
198,1,5.39532,15.370203,2.0642402,63.047417,67.31329,1.0957505,1.7231646
209,1,5.5975156,43.272392,2.6601357,75.946686,68.02767,1.3023189,1.0752921
210,1,3.4603395,17.378878,2.6836045,75.96901,54.546738,1.8921177,1.4072891
215,1,5.533566,27.58728,2.2396307,78.438286,65.62321,1.9347872,1.2086812
216,1,10.801323,90.189896,9.39088,46.763412,90.23363,0.7645561,1.8568697
217,1,5.6273174,39.61876,3.5633411,77.66858,71.250145,0.9727095,1.0073456
221,1,7.0978475,34.834194,1.7164665,80.77276,70.89752,1.3293388,1.5168813
224,1,4.728472,20.187744,2.927482,76.09749,63.443016,2.1714616,1.1868739
226,1,7.8857155,86.59746,5.2400484,79.889145,76.2162,1.2037156,1.4838878
242,1,7.926722,82.78964,4.8095818,78.18158,72.97332,1.882737,1.6135758
245,1,5.7847643,20.7211,2.264178,72.49432,62.23813,1.5021883,1.4405395
249,1,6.132477,43.550213,4.216023,78.70746,61.674763,1.7287558,1.3990469
257,1,9.851992,210.4417,9.737868,56.805122,86.24265,0.359334,1.5248545
262,1,3.500172,21.366858,6.4382186,78.77083,49.763515,4.470179,1.5019882
263,1,4.3883505,47.624256,9.599403,68.75907,49.23115,2.0533967,1.1833661
264,1,4.6330123,18.417519,2.7948391,73.28014,62.386864,1.5178678,1.3782963
265,1,3.7322636,49.685246,10.184662,54.42101,59.492744,0.7921274,1.017606
267,1,7.492601,70.524,7.4287024,64.33404,86.50068,0.63869566,1.479776
271,1,10.179902,136.0862,6.518847,75.455444,82.641045,0.95354146,1.3737725
279,1,11.778076,114.23303,3.4101126,82.14922,80.73123,0.9376359,2.0160804
284,1,2.7000296,5.752243,1.8197838,53.05166,70.21754,1.0891874,1.4089842
286,1,3.3243337,13.819682,2.66813,77.3372,52.71262,2.8753507,1.500519
289,1,8.534217,80.84537,6.2912574,80.25851,74.385056,1.666615,1.2480288
293,1,11.055983,125.85679,4.914306,83.10903,77.93945,1.2232172,1.4141641
297,1,6.070854,63.738556,5.6477485,59.666122,68.98787,1.131103,1.1246408
302,1,7.125664,79.47419,4.2709455,75.97239,80.551315,0.7200414,0.99560523
303,1,9.394468,86.76851,4.377129,75.53374,83.847664,0.87979347,1.6279839
304,1,6.357297,40.532005,3.7097414,81.413445,74.13732,1.5890377,1.3688508
305,1,4.77542,20.228743,1.9565648,81.89099,64.04686,2.261498,1.2703289
310,1,8.973539,68.04093,3.0765681,79.447235,76.230965,0.99458194,1.6973635
311,1,5.187111,24.994402,2.507242,80.00402,65.994125,1.9687206,1.1497194
318,1,11.605704,91.67536,3.227518,81.60598,79.8316,1.1616659,1.4630518
321,1,6.521295,28.98085,2.1305041,79.316246,72.662384,1.6924459,1.5094365
328,1,8.77099,72.12172,4.2440367,78.649185,76.5719,0.9254668,1.2697828
330,1,4.775317,60.122875,10.063998,73.472145,55.42968,1.5888195,1.1441098
331,1,6.1288967,56.24199,5.899767,51.601665,84.849945,0.51700574,1.1764966
335,1,8.254235,48.773045,3.011467,77.79781,69.4848,1.4775375,1.7557064
339,1,4.191669,18.669476,5.4837356,56.734142,78.045006,1.0209548,0.9967832
343,1,4.008348,31.822037,4.965973,76.46026,64.7422,2.5784538,1.3260452
344,1,5.686552,53.88535,3.8233392,77.1626,66.707405,1.7090093,1.1996034
349,1,7.6412435,20.515965,1.5192379,74.799515,65.98839,1.5774387,1.5417631
352,1,7.438205,62.394028,4.1678605,79.07136,73.57788,1.0460045,1.2350175
355,1,4.0542226,36.11608,8.7623205,66.28182,43.32278,1.9753933,1.0817415
356,1,13.169125,89.92618,3.2818403,75.846886,85.73024,0.9671811,1.4457963
358,1,8.123745,41.278606,2.1848943,82.23828,73.751785,1.6487874,1.5316888
359,1,7.57713,30.283848,1.7035683,71.435875,77.16709,0.9447197,1.1348904
362,1,6.3621254,30.994192,4.9973097,54.11859,85.976906,0.61184764,1.4234997
372,1,9.3793335,95.64158,5.1424727,77.10484,76.43613,0.9195846,1.3396327
375,1,5.5442686,17.828653,1.9329752,78.17767,67.34479,1.6148957,1.3789246
379,1,6.808459,65.202705,6.0016994,74.90406,72.15148,1.1468164,1.1502633
380,1,7.816397,65.067505,3.525449,78.7654,74.4222,1.7243754,1.4234412
386,1,9.139754,52.518806,2.2927213,80.301254,74.479416,1.0884513,1.5441638
388,1,5.795691,35.06994,2.3399029,69.92111,85.64954,0.75012565,1.1936365
389,1,8.092511,49.910126,3.220768,72.66173,76.38193,0.87448645,1.4840623
391,1,4.1584516,12.951944,1.6339753,57.986904,80.73859,0.8397486,1.3526495
397,1,4.0836515,23.387318,5.294016,75.31288,49.772285,3.0690298,2.007019
405,1,7.7095885,74.917206,5.2889824,77.446396,79.08436,0.74380285,1.2330744
406,1,6.935367,54.444427,2.885536,76.8891,75.02303,0.9964319,1.4458923
408,1,8.344501,42.96677,2.3685997,79.6499,71.977806,1.9480728,1.6976169
410,1,5.075185,43.95264,4.5648513,81.262856,69.47827,1.5044276,1.2808455
420,1,3.9751961,14.75072,2.45908,75.66129,58.194233,2.1887047,1.2827883
423,1,5.0013323,30.239143,4.1065674,73.25491,67.49564,1.0340301,1.0302123
432,1,5.537787,42.285362,2.9058793,80.29657,63.354305,1.5070308,1.2048498
444,1,3.688844,27.415266,4.495426,62.612095,76.750374,0.90538365,0.7541846
448,1,7.644707,65.0216,4.7078414,77.08608,82.423416,1.0326544,1.0127946
449,1,7.1518717,78.58943,5.6108294,67.89428,78.96139,0.7281435,1.2924739
451,1,2.2151968,17.178415,5.3485446,54.15119,57.773922,1.0763544,0.8730055
458,1,12.748074,85.76847,4.9704633,47.911095,91.245544,0.82244647,1.8754331
462,1,8.888718,92.27675,4.270088,77.40884,77.872055,0.7378373,1.6872569
473,1,6.585936,96.258026,10.0095,54.00002,76.129135,0.5836423,1.1673576
474,1,9.062408,66.115326,2.933289,78.69789,79.31781,0.9389047,1.5378922
484,1,7.436747,43.096745,5.8522863,49.256855,87.70737,0.73566943,1.2941803
487,1,5.9295154,95.82173,5.6052065,82.76691,71.44516,1.2301979,0.88529575
489,1,5.9958005,30.351498,2.9593966,79.91372,65.9367,1.78874,1.1767408
493,1,4.2533355,38.13322,4.7435017,60.816586,75.06937,0.87071157,1.5935297
495,1,9.325583,157.45663,12.34063,73.08583,75.44365,1.0859252,1.2235421
500,1,4.5262256,24.712648,3.4028175,68.31102,79.26655,0.9341852,0.90415347
503,1,3.0283985,12.810001,3.006967,54.904907,68.561386,0.93004525,0.98208874
504,1,9.817227,130.74168,9.17136,82.72542,73.94844,1.5799657,1.668545
505,1,10.367758,87.97276,3.6720347,74.61291,79.24426,0.8794409,1.4487332
516,1,13.012938,49.276443,3.1278434,58.186516,93.72665,0.66778004,1.7272358
524,1,9.84559,89.53166,2.956881,80.71821,75.185455,1.0314823,1.2725071
527,1,5.3171115,31.914288,3.5448086,68.87025,64.75081,1.02706,1.260471
529,1,6.4316974,45.886806,7.33859,50.141373,90.984985,0.8027839,1.4028901
541,1,5.56947,26.624285,2.6493397,77.37757,61.079086,1.9642868,1.5026294
544,1,12.529611,128.83157,6.301034,51.26065,89.65876,0.62952226,2.2880247
548,1,8.081111,75.19713,5.641502,76.525055,76.17577,1.145411,1.185002
549,1,5.770038,74.235054,13.830801,55.2809,74.84539,0.76417136,1.0701452
551,1,8.075404,44.78966,6.5673246,45.19346,78.46727,0.6042153,1.6003923
556,1,8.38973,139.92198,9.903917,54.14718,80.58013,0.4438237,1.5715894
573,1,6.577141,52.3147,5.0140147,77.37662,63.617737,1.6884263,1.2447106
574,1,9.817723,56.19881,3.3874476,77.90946,77.27423,1.0725682,1.6249154
576,1,11.268628,43.59205,1.2001575,70.96034,82.96817,0.720608,2.1635544
588,1,7.3483167,64.587875,6.6829696,50.586246,78.98347,0.58696616,1.4144119
589,1,9.937275,79.38046,4.0093756,60.045357,87.474236,0.86529976,1.5736841
592,1,5.5024133,15.550111,2.1347225,62.06994,66.17539,1.0266813,1.680654
605,1,8.024307,48.64385,3.0739436,60.56281,90.891014,0.73639053,1.3844758
607,1,5.5589547,34.43373,3.1025608,71.82112,73.668015,1.2133397,1.3227205
609,1,10.344899,82.15883,5.0043473,49.344208,83.7312,0.57089746,1.6752492
614,1,5.0218954,23.178062,2.7125318,61.803062,87.02733,0.8729701,1.3089945
618,1,5.8395047,47.68253,4.453069,74.15747,81.4515,0.8429031,1.1712321
619,1,7.5377655,125.01495,7.3913374,57.022312,80.65433,0.41360855,1.518155
623,1,4.4214582,33.702282,6.6638417,69.57337,50.719326,2.2726545,1.3273298
625,1,5.6037955,38.90799,3.0145905,81.579346,65.189415,1.5827566,1.3081967
631,1,12.978127,103.32495,2.6164634,78.41977,87.02808,0.7878031,1.6687952
633,1,3.91115,17.261728,3.245773,75.58212,58.17982,2.5639327,1.2462513
654,1,11.704611,134.3422,8.811596,57.25491,90.996414,0.6188377,1.2626865
658,1,6.4249506,59.435356,7.1823497,52.346725,71.081245,0.73728055,1.4869245
672,1,3.4754758,36.38772,10.663121,53.652958,69.754105,0.5862386,0.6368068
677,1,4.5352273,22.424717,2.380349,80.37103,61.373177,2.3344104,1.1749505
688,1,10.0306635,90.92042,6.5347447,49.99484,83.35692,0.58251566,1.5713
703,1,11.19088,104.61138,6.812152,48.17557,85.54861,0.5897553,1.688449
718,1,6.992775,61.521187,4.5087957,61.54741,70.87671,0.9147311,1.3849413
719,1,6.7949576,105.73292,7.944539,61.078392,79.41746,0.8315165,1.2527843
721,1,4.588706,29.24515,8.086997,48.73436,84.03594,0.8736584,0.95938087
724,1,4.795798,35.91524,3.7429943,75.89177,71.00247,1.002261,1.0852622
728,1,5.9656262,43.20702,7.0008683,44.20584,84.62703,0.7436335,1.55547
731,1,6.3550835,46.753216,7.4256916,43.80541,85.5691,0.73309803,1.6133862
734,1,5.7182817,36.811985,4.2913537,77.43008,70.00465,1.8176072,1.1799219
747,1,10.18299,58.187443,5.060601,65.487236,80.143326,0.7264937,1.5638934
752,1,6.680884,50.48361,8.862899,46.79833,85.9169,0.8437717,1.2729365
761,1,14.817134,212.45428,5.1962314,77.69244,82.6763,0.8869467,1.7849649
762,1,5.8700542,37.208004,4.8789873,53.95825,74.350136,0.71335787,1.682966
763,1,6.68891,54.196114,4.0557785,78.93714,67.6619,1.1006265,1.2495459
766,1,5.1522236,41.57073,6.2343163,54.9123,81.560196,1.1381422,1.1835221
774,1,3.6729178,33.657658,6.849244,52.681976,77.63432,0.7362817,1.0033854
775,1,6.721723,46.776115,7.1478534,46.53809,85.23925,0.7700728,1.2071227
793,1,4.9762483,39.722305,6.860616,67.985176,74.39422,0.990465,1.1482393
802,1,5.694321,90.1596,7.7368455,72.71157,75.70826,1.4226117,0.82548344
807,1,5.533233,70.91466,10.736031,75.637245,61.11571,2.1143417,1.31646
812,1,4.9762483,39.722305,6.860616,67.985176,74.39422,0.990465,1.1482393
824,1,5.6272764,38.63042,3.9556718,76.354355,73.00179,1.5991827,1.2229117
827,1,5.9675374,69.561615,7.709325,52.587746,84.85611,0.751946,1.301136
828,1,6.514055,53.99908,4.8166447,72.60933,63.759808,1.2920026,1.6176075
831,1,4.6437244,47.42171,6.1865687,62.551212,58.552525,1.2589018,1.4390213
837,1,4.229726,31.244255,5.9286284,54.692383,79.86213,0.65000105,0.81345075
839,1,6.608613,36.664795,2.8446693,61.505135,72.211876,0.7540066,1.4028854
849,1,6.526322,36.333252,2.3447173,78.897316,65.572266,1.3956392,1.829922
850,1,6.526322,36.333252,2.3447173,78.897316,65.572266,1.3956392,1.829922
854,1,9.298793,89.81086,5.523209,52.64713,85.24504,0.55803144,1.5085504
855,1,6.886105,93.785515,9.692012,56.634422,81.784225,0.64727616,1.1510817
872,1,5.457541,38.11796,7.7956133,52.425564,87.20379,0.75935733,0.9897041
879,1,4.5867987,19.356697,1.8814218,79.17976,60.990643,2.4875243,1.4986445
882,1,6.024018,45.223785,2.901055,77.78432,68.394135,1.5182956,1.338402
883,1,9.54892,57.33186,3.3728771,74.17563,73.09138,0.9150173,1.1812748
891,1,7.8086,152.30736,14.07919,62.740784,75.74198,0.51589555,1.5050402
898,1,7.1477785,50.81653,3.1595726,69.75317,85.82177,0.8638766,1.2174543
900,1,8.31406,61.179268,3.9532163,57.284344,83.28277,0.8129185,1.3316255
902,1,7.066019,78.17192,8.938007,46.890526,81.57072,0.74306226,1.3095751
911,1,5.9556613,35.057667,2.9839978,55.619335,80.59263,0.7830036,1.3835025
916,1,7.764932,63.216904,3.7432313,69.38387,77.569176,0.72143745,1.3759624
917,1,8.042285,69.46196,3.838021,69.71765,76.18704,0.7424734,1.3945422
922,1,4.6944985,33.73183,5.766664,56.014927,78.34948,0.6451925,1.1755632
924,1,4.0135174,19.514936,2.2731452,82.91164,51.684982,3.542936,1.8976933
926,1,7.61079,73.67011,7.999687,50.418747,83.12049,0.8120388,1.4565738
929,1,9.325583,157.45663,12.34063,73.08583,75.44365,1.0859252,1.2235421
930,1,9.325583,157.45663,12.34063,73.08583,75.44365,1.0859252,1.2235421
931,1,9.3255825,157.45663,12.340623,73.08582,75.44364,1.0859252,1.2235422
934,1,6.5909276,35.817017,3.44991,60.429768,79.117195,0.928405,1.5386587
942,1,3.8994608,35.613266,8.6976795,62.51174,67.74099,0.73568606,0.75668555
943,1,4.6731534,25.175402,3.7164783,58.70859,70.87556,0.96221584,0.94659775
949,1,8.882347,87.54624,5.9137383,74.211365,68.46695,0.8817561,1.2094748
955,1,6.783304,146.08812,18.675442,65.5997,71.7156,1.3000537,1.5353901
965,1,10.87655,103.04495,8.430784,51.799442,90.88986,0.81085396,1.4229008
966,1,3.460768,18.209904,9.487959,45.797955,72.34711,0.7642264,1.1121327
971,1,13.976613,106.098305,8.479379,47.537014,87.81192,0.44150296,1.702548
980,1,11.108395,93.920944,8.179284,48.121117,90.586914,0.5368213,1.3246312
983,1,14.109638,95.59502,9.72057,59.59562,90.796776,0.73434585,1.7355845
991,1,10.314524,64.04529,5.1660337,73.29755,70.51338,0.9875851,1.1405598
995,1,6.031431,75.02389,6.4501095,52.928745,82.08938,0.5116678,1.4218172
998,1,7.714725,60.185123,5.352123,57.591793,91.367836,0.82566684,1.3479601
999,1,6.85344,76.849976,6.2983584,47.197968,81.88719,0.50181663,1.5743567
1005,1,9.243774,64.40971,5.652407,46.527973,87.37886,0.5746776,1.3261613
1009,1,9.476138,170.07469,12.098433,60.446785,78.224754,0.4354015,1.0861809
1012,1,14.650918,108.50512,4.3299575,59.53511,93.31452,0.82340366,1.7926346
1013,1,3.107459,17.879097,3.2543976,76.14551,53.389477,2.1135397,1.2611516
1016,1,6.6756964,34.585632,3.3196774,61.297966,86.21697,0.8458306,1.5148958
1026,1,9.732931,99.23734,6.842513,79.6661,76.92616,1.0824318,1.523583
1031,1,4.160471,44.36523,5.699876,66.19468,69.680534,0.99973845,0.9191516
1033,1,8.345598,53.90908,5.517016,51.359203,91.06759,0.77595913,1.6341978
1034,1,9.933302,151.43684,7.6267095,75.720955,84.623,1.0444865,1.4261295
1036,1,5.3095603,34.761543,6.2659974,49.204628,82.243324,0.8516365,1.1098287
1037,1,5.674125,27.160322,3.7572567,64.66851,83.49122,0.817986,1.5473671
1040,1,12.644878,162.0066,5.987563,58.393173,86.63989,0.48432586,2.0049431
1042,1,8.987787,73.47941,4.8114853,48.39942,84.3649,0.55074644,1.6635654
1044,1,6.115089,32.717297,4.247777,59.285492,74.6931,1.0728465,1.0998291
1052,1,9.261596,36.198936,1.7617592,64.67155,86.79834,1.078134,1.6190931
1053,1,5.195536,57.964905,9.706699,60.72175,81.76621,0.5386293,0.943062
1056,1,9.351524,98.96092,4.099872,77.87322,78.74167,1.0274763,1.8694023
1064,1,10.816867,60.88949,2.5745125,62.712723,90.80375,0.7459253,2.0157495
1067,1,4.1492805,26.872433,6.2349052,54.07394,80.893074,1.0873123,1.0883603
1074,1,14.092638,112.14358,4.880267,61.289097,90.19413,0.6957635,1.9270353
1076,1,9.439169,78.38126,5.2501736,51.694607,88.38449,0.8179263,1.7598674
1080,1,7.264307,53.815716,5.9746885,53.706676,86.875175,0.8002532,1.2959523
1085,1,9.373593,37.47598,1.5369596,73.39653,82.605705,1.1180555,1.7007474
1088,1,6.3562655,30.055452,2.9728231,61.511024,74.15799,1.2021723,1.3292623
1092,1,12.231691,44.760433,2.710179,71.98677,87.16444,0.7891509,1.812636
1104,1,7.6103616,51.265594,4.3915744,57.572865,88.216446,0.8559328,1.556172
1107,1,3.4842117,28.16241,10.579798,70.565125,50.885864,2.3954837,1.0541725
1112,1,7.9367695,68.87231,7.6522474,52.037457,82.61226,0.48268083,1.5612979
1114,1,7.4443774,41.969494,5.285013,52.550526,88.03843,0.6198809,1.567117
1117,1,8.4762,61.153866,5.6647754,49.704372,89.79718,0.79777884,1.4492781
1126,1,12.410737,169.0526,5.6650004,59.636627,79.1247,0.5042287,1.9706795
1129,1,20.77935,94.00668,1.8169876,64.10947,90.66492,0.95033765,2.7724838
1132,1,9.180227,105.10154,8.753947,52.465107,76.44397,0.42938903,1.2323118
1136,1,5.4923725,46.66804,10.202502,48.33883,81.26386,1.0018197,1.1630936
1140,1,10.174418,87.28623,9.141126,56.194,89.47636,0.94662327,1.2433972
1146,1,2.9437096,29.80534,8.88503,54.993965,58.87011,1.4101766,0.92048097
1151,1,9.1847315,33.077236,1.3817725,78.57443,74.21555,1.3212938,1.6084113
1155,1,5.1560125,17.892847,2.9695315,59.043694,85.92623,0.7195685,1.2044356
1161,1,3.5337982,8.219471,2.447103,55.18325,78.86651,0.9708454,0.9550415
1163,1,10.4992285,129.01042,8.612933,72.8831,84.55645,1.0088818,1.0442156
1164,1,7.2249403,45.708252,4.8069296,52.49815,89.11437,0.96913576,1.2741561
1165,1,5.3315587,34.77546,7.1523976,52.294136,78.346466,0.75780976,1.2596325
1169,1,5.267332,34.85762,3.0559173,69.19428,80.65769,1.0996913,1.3714689
1,2,3.41332,17.795256,1.8073062,75.42939,45.93484,2.641096,2.1134033
8,2,6.791437,26.588923,3.7867973,74.993095,76.753136,1.8503833,2.3612704
16,2,6.7971635,21.042269,2.2316513,75.33211,90.02367,1.72744,3.1519818
18,2,3.7266486,45.022884,11.653943,45.336304,64.00132,0.35620153,1.3023542
30,2,12.61307,57.796227,5.0582075,71.216545,81.70638,1.1533833,1.6864405
34,2,6.456901,37.6233,8.561646,64.542274,77.943565,1.1093199,1.9942238
38,2,5.2841883,11.45402,1.0801581,74.50365,64.368675,2.4872596,1.7278632
39,2,5.7134733,14.932842,2.081291,79.225,67.73376,1.4213566,1.419366
46,2,6.3398914,48.782322,8.332919,52.82008,71.93167,0.34755722,1.5125412
47,2,5.1368957,16.334148,3.627628,67.8683,70.51459,1.897482,2.2062926
48,2,8.836139,54.652958,10.234961,43.93822,80.76311,0.31763393,1.9375367
49,2,5.2315226,18.042616,4.0394425,55.26366,82.44306,0.73173326,1.6535435
54,2,4.115752,20.257853,2.3397703,76.362526,47.5072,2.2622528,1.549128
55,2,6.9376483,46.039658,8.922008,70.90444,79.03489,1.202285,1.920924
56,2,2.6401873,12.685149,4.980293,68.82523,49.776894,2.0948563,1.9513314
65,2,8.640321,41.69534,7.0811405,64.77998,79.12797,1.0804296,2.0050588
69,2,6.9745073,33.21277,3.375287,63.703197,79.935265,1.0904037,1.940898
73,2,4.601941,9.053067,1.6160288,68.833015,69.53684,1.848676,1.8636376
74,2,3.780624,11.304951,1.9978875,76.56012,50.47933,2.3863194,2.1542182
76,2,5.7050443,12.306637,1.5045,77.92385,67.8259,2.0500908,1.6889629
77,2,3.658722,9.947535,2.1779447,70.99498,61.33742,2.5454233,1.4612546
79,2,2.733627,8.578003,1.9649018,72.17345,57.499493,2.1447914,1.4987606
83,2,8.207596,36.37137,5.653486,65.52723,79.85055,1.1277434,1.9416878
84,2,4.7463875,10.694638,1.8162065,65.55829,74.027626,1.8636177,2.6648242
85,2,5.47471,40.583073,12.7993765,36.41808,67.16919,0.5813356,1.5500697
87,2,3.542656,8.9314375,1.8017019,72.16641,57.077087,2.2514915,1.8709671
95,2,5.3347554,11.709306,1.8867784,75.50653,86.586784,2.1463115,2.5416315
98,2,6.929317,38.992966,7.5581927,69.47229,77.78017,0.98411757,1.7732549
101,2,3.552913,10.495249,1.9140284,80.55198,60.946106,2.2876153,1.9484614
106,2,2.7621763,31.790031,10.623427,72.62373,60.782063,1.678893,1.5462899
117,2,4.1476016,11.423538,3.4344444,70.39705,69.02108,1.5094124,2.6873655
121,2,8.82678,54.359715,2.864348,70.53915,83.62745,1.1382427,1.7573912
122,2,22.114643,251.80103,6.3258877,25.247782,96.11372,0.6513545,3.264004
124,2,4.0082664,20.337275,11.601296,69.17887,55.496147,1.1093488,2.0231745
126,2,5.6077785,61.67258,15.737064,51.905792,80.44262,0.29804462,1.4474374
127,2,9.003001,40.129898,5.3686047,65.625084,79.298485,1.1809231,2.3267982
135,2,9.944446,77.83942,7.3962774,68.22912,80.85433,0.6524883,1.9323604
136,2,11.9169035,241.08368,27.966652,59.17077,83.010025,0.7684486,1.7557787
138,2,7.5138626,46.015526,5.5071244,65.69578,66.75595,1.0396078,1.682711
142,2,5.671161,15.903939,2.0840454,74.579796,81.1186,1.9911512,2.6337306
157,2,5.391783,13.62089,3.1172037,71.79957,78.90162,1.1052322,2.2882705
164,2,14.497478,211.17218,16.379847,63.66566,85.48185,0.72701544,2.0056496
165,2,6.0230036,17.995163,4.4740534,61.160152,74.87095,0.7153741,1.9301883
174,2,16.634302,277.5657,23.800526,72.822876,92.14473,0.5267914,1.7779803
189,2,9.245253,33.87983,4.8984537,65.7692,81.58104,1.015497,1.9898517
190,2,4.455942,36.11265,16.492712,71.07831,74.44404,0.7013612,0.9867466
191,2,3.9658341,24.76531,6.5565968,61.830685,55.856705,1.4615362,1.5817515
194,2,5.824138,46.932095,9.252458,65.48245,59.47333,0.9990739,1.7863854
198,2,7.101364,31.027807,1.969433,58.69092,82.76037,0.9827136,1.651962
209,2,4.801756,13.927517,2.0000741,72.11381,70.31022,1.7961271,1.7196405
210,2,2.3155458,7.0097933,2.498623,63.555588,45.976673,2.7986484,1.7098246
215,2,5.3346024,13.322636,1.556337,76.35348,65.57873,2.188312,1.6666617
216,2,17.46515,146.28033,14.54673,35.58483,93.57342,0.63038033,2.408443
217,2,5.6593723,36.66881,7.8924327,77.47422,76.75173,0.80043656,1.533424
221,2,7.1921883,23.633505,3.6455078,76.511055,77.96407,1.840416,2.4562974
224,2,2.9608579,14.385237,2.0696552,68.35466,53.207535,2.103656,1.6051546
226,2,5.416507,26.282246,5.976222,69.32127,72.02393,1.7107761,2.2119372
242,2,4.563417,19.237148,4.124106,72.78277,68.61932,2.4075596,2.086173
245,2,3.464491,8.475482,1.4047898,67.204315,64.39842,1.8930382,1.7527844
249,2,4.5767546,33.49907,4.8641787,69.27257,57.521706,1.2968119,2.0855365
257,2,9.288656,123.9574,15.569899,49.904694,85.56422,0.3298399,2.1384523
262,2,2.34749,11.736486,5.702364,67.273994,31.419907,2.1369722,2.3239315
263,2,2.8869843,27.481077,8.110046,66.09426,30.079456,1.2303681,0.9910853
264,2,3.3598886,11.816683,2.6064126,63.6974,55.42355,1.8578829,1.4612945
265,2,3.86586,21.777388,9.74157,43.67376,50.16573,0.5962223,0.9309893
267,2,11.779897,128.09552,18.525688,64.189476,89.63391,0.3899787,2.1876428
271,2,11.520096,214.85735,15.267735,70.99537,85.592514,0.8412156,1.6404432
279,2,10.774974,39.770077,5.593256,67.69668,87.29518,1.139308,2.0134861
284,2,2.536378,9.224031,2.0526052,43.556885,80.73225,0.6926507,1.2480302
286,2,2.035694,7.234392,2.9076643,69.7243,41.34332,2.5561962,2.2604606
289,2,5.4248033,43.936176,5.048272,79.164894,64.98286,2.31761,1.5671836
293,2,7.983345,56.578426,7.6386642,76.73519,70.44008,1.007911,1.4525032
297,2,5.0054355,36.662582,6.320404,44.761066,67.26836,0.48125592,1.3369638
302,2,8.170539,90.161896,10.942986,75.38067,86.777,0.61292887,1.7065835
303,2,6.2238874,38.53482,6.494107,77.35654,80.75154,1.4737526,1.7235681
304,2,4.7720275,13.936408,2.4488351,77.55507,70.73651,2.3143685,1.766809
305,2,3.3248923,11.789918,2.106798,82.79608,61.391216,2.4222941,2.1368876
310,2,7.1698,21.906124,3.9450285,71.896545,82.59993,1.6092182,2.5136106
311,2,5.3306246,13.823852,1.6003281,81.64513,64.47769,2.74374,1.7419045
318,2,7.3359303,36.307762,4.497585,76.225296,78.101364,1.418302,1.6404989
321,2,5.6119046,11.819333,1.7495266,76.56768,74.90737,2.6339064,2.1078055
328,2,9.764038,53.090122,4.8641524,75.63332,78.592674,1.3089223,1.4843212
330,2,4.3676915,64.058,17.02435,75.15789,30.807648,1.6034164,1.1272565
331,2,6.3590226,58.940914,8.41018,37.88464,87.91919,0.68207335,1.8333873
335,2,3.8224287,14.13011,1.6593527,72.261795,61.14184,2.844146,2.1750607
339,2,5.1497974,25.985212,11.550676,45.341877,79.41663,0.5561654,1.0909764
343,2,2.4388165,15.528046,4.5863028,72.69324,43.4733,2.4408388,1.518378
344,2,4.3142395,21.28094,5.010266,65.65469,69.66332,1.7212622,1.8003956
349,2,5.602002,19.418343,1.8263053,75.37071,69.96506,2.0462852,1.5184444
352,2,7.3637652,37.960506,4.9966717,74.691956,75.648705,1.3401924,1.4452201
355,2,2.5019631,30.585802,7.3555365,74.391136,24.42718,1.468718,1.138294
356,2,13.149623,130.75876,4.239285,73.564545,90.24902,0.8597049,1.6449981
358,2,4.834065,17.329266,2.0131807,76.23914,82.19921,2.4300215,2.393419
359,2,8.817659,38.528973,1.3256234,80.085815,82.73478,1.9319656,1.6908959
362,2,7.7055235,31.469347,6.1623845,40.610275,90.68205,0.71268,1.3355846
372,2,9.139063,59.00918,4.1426635,70.9101,77.57095,1.2404704,1.5690734
375,2,5.337407,12.313705,1.9916433,77.517815,74.67053,2.4457145,1.960163
379,2,6.5945144,84.25601,10.81472,77.79038,63.06364,1.3915374,1.8448668
380,2,4.7865868,40.226574,4.2736545,62.423843,69.52904,1.7344037,0.9824941
386,2,7.054888,22.504688,2.3055675,71.60029,84.14497,1.948889,2.6059914
388,2,7.001636,55.415955,10.277907,68.88874,89.15437,0.7045647,1.2161715
389,2,5.8608556,23.159462,2.6753612,66.58871,83.65186,1.026207,1.8463608
391,2,4.941041,17.864433,2.597819,68.063545,83.39621,0.75035655,1.5726523
397,2,2.1086948,8.520198,3.3476522,63.038116,38.26022,1.9517325,1.7796824
405,2,7.9806504,45.867542,8.222823,72.418755,77.72802,0.9612249,1.4419655
406,2,6.459285,33.119682,5.567251,73.22281,82.874,1.271935,2.4351952
408,2,5.2483077,19.92193,4.4078894,72.5245,68.861496,2.0307949,1.9200392
410,2,3.5428739,18.404581,5.896168,79.91118,65.066956,1.8598311,1.8026335
420,2,4.159155,18.239294,3.0361197,76.35296,48.858047,2.184995,1.6155509
423,2,4.4951806,45.39467,6.9635186,75.70277,51.50369,1.5851678,1.4182088
432,2,5.6412683,47.268467,5.2898226,75.595726,59.33812,1.428211,1.7937962
444,2,6.9243546,55.99388,15.830959,82.799774,77.05477,0.51408964,0.92292583
448,2,9.604428,50.979946,11.464711,83.37021,83.894135,0.82795864,1.5812403
449,2,8.530054,77.43392,14.4276285,74.29677,77.253685,0.51514083,1.5677344
451,2,3.2044454,14.020629,11.3104105,63.45105,47.767868,0.5172733,0.93979365
458,2,11.494492,82.959915,5.819687,33.489548,91.75927,0.8049838,2.030133
462,2,5.806713,32.82237,5.656803,59.625347,73.59699,1.1245683,1.9305097
473,2,5.6745777,39.139614,11.210123,39.308582,70.125305,0.6319474,1.5486382
474,2,9.531777,40.15718,4.297671,72.71952,85.00617,1.3692743,2.2754393
484,2,6.7451525,51.957176,8.937693,39.73274,92.08967,0.84075147,1.4184597
487,2,6.169221,63.616642,10.242312,76.51616,64.661316,1.1480784,1.4315062
489,2,3.7575636,11.071844,2.5499344,69.22327,56.237827,2.4964473,1.5686101
493,2,4.5841556,32.70918,10.94523,60.95519,76.36577,0.47496915,1.3187836
495,2,8.113885,83.62674,13.605203,73.34479,65.57596,0.80269617,1.6501067
500,2,8.814023,40.55088,6.503316,81.97637,85.37814,0.7721077,1.481575
503,2,3.6684763,10.207393,3.0700693,62.50051,71.0176,0.99701124,0.9477529
504,2,7.562741,44.71566,13.880875,64.86676,62.67546,1.2380627,2.5243337
505,2,8.079089,70.48034,7.535374,76.35215,75.990234,0.94030386,1.7601008
516,2,10.693411,68.2319,6.3441157,41.255898,95.24675,0.93051785,2.2027302
524,2,11.677011,75.36428,5.4147644,77.47451,82.25045,1.2020023,1.9136323
527,2,7.7394614,96.07544,11.0915365,73.31263,73.129265,0.97382545,1.2989717
529,2,6.187563,54.66022,11.11024,47.821552,94.06445,0.75628054,1.9681882
541,2,4.1870327,13.664118,2.8255424,63.169235,61.088886,1.4407657,2.0798907
544,2,10.811699,121.59778,8.669096,43.352886,92.12415,0.3225434,3.3430426
548,2,8.319578,85.287186,6.6697364,78.17161,73.70819,1.4686761,1.7991501
549,2,5.0337234,72.80771,25.437996,49.838978,65.28327,0.41146368,1.1020693
551,2,8.408065,39.200333,9.241734,35.891354,77.761795,0.47812852,1.8688064
556,2,9.152623,65.78281,11.588607,38.25466,76.67837,0.6233598,1.8813657
573,2,3.4202013,20.264927,3.7624698,76.17291,47.091625,2.0303555,1.5073012
574,2,9.261792,45.22371,3.2602682,84.728264,82.40598,1.3301991,2.3077838
576,2,8.291638,30.957844,1.1459012,62.500694,85.876945,0.9955653,1.8473084
588,2,5.848583,31.663008,5.621131,31.559282,68.67047,0.76216865,1.5509678
589,2,9.931827,71.35303,5.07372,36.826237,88.65293,0.69615644,1.2227718
592,2,7.078951,30.315527,2.0831099,55.2272,82.89948,0.8239738,1.5379796
605,2,12.255101,78.78936,6.3926096,52.370487,93.80491,0.777909,1.7722281
607,2,5.4591427,14.897875,3.404272,68.44501,75.44324,1.2820585,1.70878
609,2,6.477086,39.951004,4.1361876,30.801855,80.17049,0.9119945,1.9026189
614,2,10.011233,83.0108,4.953166,62.99231,88.093864,0.84058565,1.5078405
618,2,5.0975533,39.884605,10.564472,76.52059,80.11572,0.67707217,1.3243421
619,2,6.776885,53.430637,11.014391,45.076244,78.22234,0.41324458,1.9085484
623,2,3.057519,24.669287,5.7985926,52.731197,39.142754,1.0884047,1.4037092
625,2,5.0722537,35.203148,3.4521039,75.7048,63.657322,1.3398418,1.7431092
631,2,12.572613,62.09796,3.1408145,80.57541,91.83764,1.1088438,1.9812106
633,2,2.4154332,8.058675,2.9031947,71.61945,49.51395,3.008894,1.6467818
654,2,10.30583,104.787834,17.967035,42.60944,93.29,0.6633505,1.8449706
658,2,5.75561,38.638405,5.950367,33.536957,51.849792,0.8947626,1.1486646
672,2,5.31497,48.099293,30.14173,48.29381,76.06586,0.46283734,0.9099446
677,2,4.2363205,16.422417,3.0557623,81.050545,55.778286,2.2306254,2.2679117
688,2,7.4514723,49.18284,5.45871,29.14872,78.53271,0.86255103,1.7125243
703,2,7.009904,41.87271,4.9271965,32.820953,81.56143,0.78460634,2.0289795
718,2,7.026572,64.38168,8.147316,54.671616,75.2231,0.38591254,1.5665594
719,2,18.849792,240.73175,19.948334,49.93289,88.4869,0.3306675,1.900894
721,2,4.585462,24.810822,6.446836,45.365623,84.04784,0.6410441,1.0783201
724,2,6.188873,37.212826,8.088272,70.122,78.730095,0.6287449,1.7568811
728,2,8.895667,64.076485,11.0156,31.734777,88.2989,0.53177017,1.9952091
731,2,9.641029,73.33656,11.572691,31.314396,89.29249,0.52335894,2.059641
734,2,3.5733676,8.703888,2.0840151,72.89868,66.968254,1.9261905,2.042251
747,2,17.747898,181.63403,10.869249,55.995403,84.85398,0.3110063,1.4310604
752,2,4.777852,22.267576,7.444078,34.147324,84.6431,0.78607744,1.9844457
761,2,9.183102,134.62357,13.061209,75.514534,82.02209,0.91053617,1.9107547
762,2,6.2517066,42.84483,10.623647,53.972454,72.729805,0.29532015,1.4410965
763,2,5.48618,25.496584,5.6366634,72.14201,64.99636,1.0149729,1.9310086
766,2,5.517779,35.11623,6.7706714,39.901917,76.697105,0.956278,1.2841352
774,2,5.438567,32.503998,10.232141,44.781857,78.96411,0.5362315,1.3506069
775,2,5.829957,28.35255,6.9221816,34.454365,83.04177,0.76998454,1.5114225
793,2,9.5562725,108.70652,17.272581,80.86084,80.638306,0.994306,1.7184447
802,2,8.803055,102.17268,14.558534,71.39786,78.08972,0.8277498,1.3207504
807,2,3.0880458,24.894732,10.987332,62.026356,43.833828,1.4711001,1.8794965
812,2,9.5562725,108.70652,17.272581,80.86084,80.638306,0.994306,1.7184447
824,2,6.2864623,24.353447,6.171902,79.361885,71.73001,1.610871,1.8425055
827,2,7.99648,73.77105,10.08621,39.14763,87.02938,0.68622434,1.7316165
828,2,5.004387,25.118036,5.4164486,67.735405,60.523937,0.9198718,1.8214062
831,2,3.3775873,27.108469,12.734361,59.675533,62.825447,0.41807935,1.475123
837,2,5.02025,29.17287,9.003833,43.09514,79.81149,0.6217874,1.2828004
839,2,15.811127,157.29369,11.264355,64.57724,81.761475,0.58063215,1.5383009
849,2,4.1476016,11.423538,3.4344444,70.39705,69.02108,1.5094124,2.6873655
850,2,4.1476016,11.423538,3.4344444,70.39705,69.02108,1.5094124,2.6873655
854,2,8.41596,54.264973,8.136301,46.032013,89.648415,0.40006262,1.9877945
855,2,6.840881,65.08951,16.02002,37.671093,78.78601,0.57543373,1.6034892
872,2,4.5261536,31.598646,8.128783,43.781487,89.07013,0.7435087,0.9572781
879,2,2.6018279,7.104084,1.4598897,70.745705,59.581802,3.1017947,2.0026197
882,2,4.4164357,15.139006,2.910503,63.419514,72.55816,1.8838577,1.6761554
883,2,10.443175,94.37357,8.047154,74.687416,72.0157,0.90740365,1.6059217
891,2,4.5409555,41.2465,16.177446,65.36359,82.494675,0.36791804,1.5415996
898,2,7.655947,47.782207,9.525215,68.968414,82.75123,0.8210111,0.81236464
900,2,9.640627,61.151012,9.339742,56.510918,85.71426,0.7290539,1.1821576
902,2,8.233196,63.504967,12.600978,34.494625,78.53589,0.5290657,1.500875
911,2,7.270978,28.314255,5.3462443,43.462353,87.7922,0.52920336,1.288091
916,2,9.412888,48.405243,7.8197913,74.47118,81.24524,0.9014601,1.0695348
917,2,9.037753,48.15537,7.8283806,73.650024,79.040016,0.86904657,1.1147965
922,2,4.0968366,17.940866,7.771566,49.0649,77.738106,0.63266313,1.1546422
924,2,2.3641942,7.646298,2.0898166,70.65766,52.570835,2.0022392,2.359556
926,2,6.9972086,47.809208,7.381186,35.527344,76.77106,0.59918743,1.4752059
929,2,8.113885,83.62674,13.605203,73.34479,65.57596,0.80269617,1.6501067
930,2,8.113885,83.62674,13.605203,73.34479,65.57596,0.80269617,1.6501067
931,2,8.113885,83.62676,13.605203,73.34478,65.57596,0.8026959,1.6501065
934,2,6.829948,40.56521,3.7269459,51.164627,82.03639,0.8580385,1.2872161
942,2,5.564192,74.05059,35.97775,76.542625,69.48381,0.4127602,1.2165719
943,2,6.3129883,30.477978,3.9986203,62.29052,67.7694,1.2274833,0.83948
949,2,8.402308,92.73795,11.660637,78.48398,63.28571,0.6933415,1.7507814
955,2,5.6862383,66.258286,24.987976,71.95346,67.59883,0.6646393,1.3064283
965,2,8.204679,50.027122,7.6798153,35.406796,89.17647,0.8252604,1.6453996
966,2,3.8407094,18.46359,16.798662,63.694756,77.36888,0.32123998,1.3818297
971,2,13.264322,91.375694,13.222605,36.09713,93.506645,0.39439878,2.4377716
980,2,9.018982,61.55029,8.179693,35.8774,91.16824,0.7628786,1.977611
983,2,23.489424,317.17966,16.9833,49.77835,94.79089,0.5194551,2.324552
991,2,8.401978,115.805016,7.383509,68.45318,74.45002,0.97793937,1.392093
995,2,5.3790298,32.195557,7.0546613,42.756023,76.114456,0.6610297,1.7053894
998,2,8.33499,48.136154,6.485547,42.94205,91.96024,0.7907449,1.762121
999,2,10.300428,78.61377,9.378465,37.256927,86.99682,0.5759739,1.918548
1005,2,8.588099,48.824745,5.9985275,34.205273,86.26008,0.72139245,1.9635651
1009,2,12.239553,99.72602,21.646524,37.11849,79.60609,0.4133877,1.2542548
1012,2,13.1933365,88.3291,4.6405196,50.55353,94.35775,1.0896055,1.669359
1013,2,2.0424428,7.071417,3.0636256,68.32506,45.03201,3.1680257,1.7397579
1016,2,9.371965,61.204212,5.871381,46.933712,92.86094,0.7515267,1.9101924
1026,2,5.6300554,47.888012,7.6279597,72.61135,74.096115,1.8971231,1.580341
1031,2,3.4302876,31.066326,9.492819,71.937126,77.00977,0.64189684,1.5076451
1033,2,9.211068,46.491676,10.318361,45.68926,93.95795,0.9713939,1.7373312
1034,2,6.8131495,235.70876,20.559729,80.59572,76.56431,1.368242,1.3639194
1036,2,5.435022,23.985163,5.844504,34.267567,78.068794,0.7659226,1.4890302
1037,2,6.418055,23.630074,4.9085207,80.66914,78.52426,1.2221226,1.4730003
1040,2,8.995664,101.51167,6.993389,37.518948,84.5804,0.6419934,2.5581906
1042,2,5.6834702,30.13072,3.7443252,35.00307,80.71122,0.90394634,1.923161
1044,2,8.417702,34.486343,4.147057,54.244213,76.093346,1.0778326,0.92484134
1052,2,8.391965,44.70858,2.9698193,56.654503,88.85325,0.9839779,1.3555392
1053,2,5.340343,40.047832,15.919942,73.50873,81.0948,0.68508345,1.045866
1056,2,6.742375,19.197845,5.7762594,71.03654,76.83708,1.0843496,2.0450103
1064,2,11.506797,50.487446,2.89388,64.08563,92.68308,0.8447626,2.2051923
1067,2,4.4274006,21.357328,4.654986,45.629036,77.11944,0.8476202,1.202128
1074,2,15.871105,107.68667,11.20593,49.315685,90.645195,0.8040844,2.0822053
1076,2,6.7641616,32.94867,4.0607514,32.176975,84.30262,0.89365155,2.0585144
1080,2,5.244154,23.78085,4.966477,41.220318,84.68461,0.8993938,1.2589096
1085,2,13.892901,54.208374,2.432859,61.09997,88.450226,0.8573292,1.7708529
1088,2,8.200794,74.36779,5.533115,48.250393,81.25663,0.5821014,1.1555598
1092,2,10.151351,46.65247,2.302855,68.58581,89.234085,1.0852115,1.9453987
1104,2,11.818636,72.91343,13.575021,57.862396,91.55631,0.6028186,1.5184692
1107,2,2.1364827,18.275988,11.5162,73.31378,30.281618,1.0746849,1.0369667
1112,2,11.671809,67.81684,10.152195,38.205925,86.654144,0.5649662,1.7963734
1114,2,8.485033,38.74862,6.6015983,37.797863,91.645226,0.7041089,1.4876906
1117,2,12.868822,79.71443,11.45384,32.722412,90.23459,0.6151421,1.7395335
1126,2,11.968967,70.9329,7.9937277,45.386673,78.76052,0.41370088,1.483194
1129,2,16.729343,131.50146,3.4129384,41.558384,93.9274,0.6515891,2.1830168
1132,2,8.739554,48.289852,10.21005,33.800888,71.50243,0.52407426,1.1275097
1136,2,5.950901,35.994946,14.503125,40.407238,82.39809,0.5361485,1.0363667
1140,2,14.643158,109.522316,16.959215,41.035557,91.01674,0.7608728,1.442664
1146,2,3.0698023,24.651472,10.666151,43.564075,38.012737,0.6237127,1.1420207
1151,2,6.8048625,22.877836,1.7921485,79.61615,81.456894,2.3144321,2.3715827
1155,2,10.435697,62.25976,7.677323,56.60447,93.92047,0.7114237,1.8042254
1161,2,4.755055,12.133332,3.438827,50.195995,81.84739,1.1136343,1.4102334
1163,2,7.9356556,110.79056,24.185558,76.06042,83.71438,0.7405761,1.0039326
1164,2,7.7342434,46.464783,5.282931,35.82824,90.19251,0.929309,1.3812921
1165,2,5.0209312,17.233152,11.149136,48.970013,75.231155,0.5913475,1.2292941
1169,2,4.8275003,23.252415,4.5194273,67.277405,87.10288,0.8797332,1.8625758
1,3,17.602625,37.52685,1.504969,96.16022,23.688908,21.148327,0.97590554
8,3,3.939201,51.001305,4.911847,83.99713,92.90013,2.0096414,2.2171364
16,3,7.264718,50.711212,6.9326634,61.727753,99.08582,3.36344,2.9883387
18,3,15.49977,320.32294,9.732434,25.745361,81.439575,0.25692534,2.2405078
30,3,19.177536,161.99149,6.4902115,75.58905,90.45691,1.0126135,1.2892364
34,3,6.722112,158.39966,17.246426,37.312595,76.25294,0.34030035,1.3864027
38,3,6.2026296,58.114388,4.4189854,96.29014,63.343323,6.463237,0.9146981
39,3,8.890312,46.129887,2.8421395,92.03887,78.83245,2.8729982,1.3153045
46,3,30.609858,365.50928,13.333307,30.151674,89.39218,0.321435,1.8715068
47,3,4.983061,45.798298,9.324322,71.59378,96.722725,3.0444596,1.8840569
48,3,31.360369,1018.8954,24.821905,67.59623,88.72584,0.063976206,2.8158228
49,3,1.7328418,63.97847,25.848526,56.674156,97.21931,2.9048867,2.5050387
54,3,7.93733,37.359993,5.4665036,93.304634,23.040588,10.871939,0.86169535
55,3,3.6060827,146.52426,25.697495,68.30095,90.71541,0.2084979,1.9708564
56,3,3.99404,105.794,13.450894,93.75655,16.147177,3.170416,1.201937
65,3,5.8927107,244.45201,20.010864,49.19236,91.124985,0.3082231,0.96081275
69,3,14.279803,139.58104,4.6459837,68.278915,95.601105,0.93351513,2.1388416
73,3,10.369488,44.440773,2.7814667,92.24148,92.16851,6.1265345,1.109381
74,3,24.989456,64.55687,0.57999456,99.87434,3.7235453,42.572033,1.9873468
76,3,6.9723005,34.782448,2.6652822,98.887535,85.38096,14.616718,1.4720337
77,3,4.547242,53.940727,6.567684,92.144714,79.02187,6.83639,1.1193479
79,3,2.546772,23.357607,3.3744144,92.156235,81.82676,14.099738,2.183576
83,3,7.8277555,152.84789,11.415016,50.306545,92.11345,0.39339396,1.3310689
84,3,7.1904473,48.758785,4.4123564,86.867096,57.624454,4.0399103,2.6309
85,3,2.6713583,104.22994,45.210815,57.389843,64.925285,0.6464243,1.1079379
87,3,11.500422,16.23284,1.0345591,98.84568,44.66731,31.564127,1.8637213
95,3,4.1163273,10.519419,4.0028224,73.642006,98.835724,5.361854,1.8444649
98,3,6.8210874,91.7966,6.3005023,59.38957,85.486664,0.20425874,1.6063715
101,3,12.444112,11.499011,0.6596007,99.462776,41.818756,35.20595,1.7696204
106,3,2.360796,70.73951,12.535951,78.46887,28.982317,1.4420843,0.8428342
117,3,4.6917367,27.508457,2.6825051,94.99843,71.05699,2.9456146,1.1670492
121,3,13.852937,73.614944,7.57551,60.955616,92.53637,1.0507407,2.4569473
122,3,80.35003,2040.1018,13.829134,35.32768,99.441765,1.7463955,6.959744
124,3,5.734686,222.37317,42.159985,89.03924,15.182199,0.5267654,1.5092537
126,3,7.235991,423.37637,26.999634,46.669815,94.83257,0.16253318,1.682213
127,3,8.252661,599.0788,24.294378,58.564354,88.13434,0.27017125,1.1456256
135,3,18.05397,289.39554,12.406483,45.54827,91.24405,0.26826426,2.2419596
136,3,16.705877,1987.3715,56.61442,55.81491,97.475,0.35474268,1.9839917
138,3,6.210852,129.61241,14.087537,71.68943,70.48,0.5941155,1.6462368
142,3,2.821304,11.945487,4.297748,87.275894,94.315475,9.459696,1.7702539
157,3,4.636984,37.918964,4.806284,77.97052,96.12476,2.0443714,1.7294842
164,3,32.606308,1353.7141,31.539461,57.768475,99.41788,0.5615188,2.972916
165,3,11.913037,75.18712,6.5113378,64.84255,98.22943,1.9604453,1.2446324
174,3,12.953068,1325.084,67.007416,48.78748,99.74903,0.26569775,2.0680819
189,3,14.044976,244.39136,7.1116557,55.93283,91.346596,0.3167814,1.3980584
190,3,7.6347885,280.30164,28.718569,66.67736,75.090904,2.343974,1.3375757
191,3,3.2956173,37.433273,14.215544,39.48401,57.568287,2.6281154,1.4851928
194,3,7.4810896,194.05359,20.660194,69.87797,57.830868,1.0901513,2.1647692
198,3,15.037669,83.920105,5.4684134,42.11698,94.32633,1.7569847,2.9213183
209,3,10.739809,73.27905,4.7446957,83.5696,95.0541,3.5354319,1.0532885
210,3,2.4953341,196.358,31.846277,96.06576,8.597965,11.985672,0.99581903
215,3,6.148889,40.935513,2.45344,98.27622,81.685005,13.305401,1.3782526
216,3,11.356427,1304.5941,117.8597,22.40054,91.12965,0.09476958,3.0704806
217,3,4.349112,111.64987,9.227688,68.16362,85.74576,0.8373174,1.3382978
221,3,9.855806,131.72075,5.655067,98.1471,45.38568,7.073704,1.5208124
224,3,11.296008,84.215294,4.5419526,70.2802,85.38829,2.4341903,1.6918826
226,3,8.4053135,195.32343,10.68874,66.05096,95.36265,0.7205087,3.348132
242,3,5.3173976,296.56396,47.494934,50.67674,92.57271,2.410648,1.5190601
245,3,17.298151,33.423206,1.9929483,70.04351,94.091095,3.696825,1.9438803
249,3,16.746181,116.4374,3.9358819,83.62101,18.373873,1.4925594,3.078429
257,3,12.269376,353.74014,15.217911,89.742256,94.39926,0.1454627,1.5828632
262,3,6.7394476,109.68321,13.838837,97.99288,0.62278074,146.83815,2.0586064
263,3,2.709873,33.349075,13.174595,67.832016,9.656665,5.138588,0.9274321
264,3,10.54496,102.485535,5.6140037,67.39176,70.95825,1.2178841,1.6893204
265,3,3.353773,225.80437,59.85413,48.878166,19.779768,0.46606016,1.2933444
267,3,15.316362,918.10236,43.113346,52.97351,99.70662,0.25395313,3.3312042
271,3,22.594915,1075.6832,31.494286,46.931824,98.45818,0.895082,4.2611
279,3,12.464979,497.14725,24.211649,59.86103,98.56527,0.56194925,1.4608868
284,3,8.542453,27.090736,1.8322786,48.186348,95.163445,5.001926,1.9351611
286,3,2.4046714,34.966087,8.187317,97.47025,9.721451,19.538734,1.6815398
289,3,9.421227,734.9712,22.78676,78.3698,84.51173,1.1155916,2.4646738
293,3,52.059578,403.08643,7.86881,80.01778,94.174194,1.2089275,3.1817758
297,3,16.928604,346.7749,21.788574,9.519877,75.385284,0.11347395,1.3975341
302,3,10.433843,205.7522,14.019498,65.71933,89.37975,0.19051497,1.3817571
303,3,5.483436,329.8607,29.709217,79.088486,78.60323,0.48598036,2.4150581
304,3,8.485707,57.83593,4.4375863,86.68016,98.305305,2.762081,2.910229
305,3,12.827408,10.166621,0.63733137,99.70022,43.535576,41.757416,1.733917
310,3,4.3420167,104.20717,15.43219,75.517654,95.56798,1.3262627,1.3985803
311,3,3.6999178,35.74447,5.23357,98.40013,61.47671,18.695126,1.07953
318,3,51.21628,188.40611,2.309564,80.254005,98.37789,3.033439,3.6588278
321,3,25.19148,53.94696,2.1517205,75.32961,97.3021,4.756854,3.8917682
328,3,77.22493,371.0869,2.9557636,85.439156,96.64095,1.1450667,2.4231353
330,3,8.282762,203.86118,18.995705,95.13312,4.214168,3.1064327,1.5394075
331,3,18.557981,361.64255,8.775105,58.45415,96.58172,0.35370085,4.044335
335,3,9.656179,89.43568,12.101734,59.422436,95.70254,4.982398,1.4294797
339,3,2.8635292,110.70659,49.26077,56.874706,49.785046,0.86809766,1.4598008
343,3,1.4170785,77.24923,38.478485,58.69938,49.55246,4.767165,2.1202989
344,3,6.1928134,96.415016,7.44347,49.53963,92.45718,1.5009779,3.0759485
349,3,28.755547,53.99097,1.7748872,84.0906,86.86231,5.6086397,2.875579
352,3,58.790127,470.1211,3.6166477,85.6956,95.806015,1.021087,2.3534584
355,3,2.0441887,30.695898,19.545053,84.71202,8.5516615,2.7716987,0.926573
356,3,13.816693,1152.814,37.275196,23.089415,95.10308,0.20243023,2.0776575
358,3,4.753232,46.091118,4.0116177,85.290276,96.6344,6.2405415,2.67647
359,3,5.691169,22.79869,4.042796,67.30033,96.83556,8.879389,1.1641405
362,3,17.517778,99.503914,2.3869696,38.206497,96.8581,0.33374792,3.0062203
372,3,73.621475,660.15894,3.4200923,81.9776,96.30369,0.9191452,2.335202
375,3,14.777715,136.94641,7.018433,85.48293,95.65351,2.4283507,1.873895
379,3,8.904753,259.1509,13.987963,76.304245,40.331467,0.27920723,2.0927155
380,3,26.783615,448.5318,12.419287,48.316753,92.37164,1.0741214,1.5752622
386,3,4.866865,67.41249,6.198948,80.83976,96.631096,4.652297,1.7038319
388,3,13.883382,150.56155,5.4428067,82.3984,92.670975,2.332551,1.6479459
389,3,8.750699,70.05039,4.66181,66.074776,97.487206,0.57549095,2.326968
391,3,6.7020526,53.450603,3.73173,45.786392,93.67051,2.1222544,2.1519299
397,3,1.9127343,42.886494,36.912724,80.243,10.328542,6.5889378,1.1037204
405,3,15.963298,159.47374,4.3124447,75.85208,89.08988,0.68732744,1.0073153
406,3,5.076856,33.76926,8.032079,59.21503,87.6581,0.39900866,1.0958718
408,3,12.360275,496.37875,23.29594,63.189884,91.70072,0.8634642,1.5814805
410,3,2.95824,41.12874,7.2505407,90.69978,54.718475,2.5273337,1.4285532
420,3,13.045493,55.29786,8.584318,64.28818,40.946068,2.7034197,3.7077105
423,3,11.191866,85.34189,4.094079,81.16685,37.054104,0.43811032,1.6749791
432,3,9.023192,212.02446,13.995398,87.786804,16.385761,0.58984524,2.7532628
444,3,9.685718,174.75082,20.830267,85.43479,79.708305,0.8103219,1.0940148
448,3,14.376785,98.29141,7.834794,70.69054,96.15171,0.9405058,1.383513
449,3,10.199844,256.6199,20.529282,61.463436,91.14654,0.3150237,2.7239473
451,3,6.8882833,31.62823,7.318785,64.001114,63.907864,1.1545936,1.2062653
458,3,46.50609,313.282,5.780493,61.691044,97.68894,2.5935605,4.5120096
462,3,6.6557384,507.2381,48.664455,38.16185,88.27172,0.22007734,1.6342645
473,3,17.67398,199.94672,6.978715,77.94497,85.50089,0.51548386,2.7393053
474,3,5.3326945,215.83728,16.964827,70.51479,92.93143,0.801117,2.2999198
484,3,5.05423,249.72725,17.936155,48.361385,91.73213,0.51877546,1.2636136
487,3,13.554598,182.98477,6.1971974,86.72086,46.606888,1.2155833,1.9467205
489,3,3.3292625,103.35439,15.737725,83.957184,58.276302,3.480489,1.2855513
493,3,11.9241085,96.20237,3.641523,79.54587,95.91142,0.9807795,2.2341566
495,3,4.866204,528.63916,39.290432,72.81952,57.306602,0.30841866,1.3119215
500,3,5.969561,90.07201,14.499196,47.704613,85.27612,1.0238675,1.4641451
503,3,18.555414,36.954514,2.5230212,83.188286,82.85329,1.9463338,2.179872
504,3,16.29208,847.909,38.812756,48.767994,67.99293,1.0470033,1.986578
505,3,10.170398,149.92877,9.048709,65.00989,76.48286,0.9360292,1.3501741
516,3,31.097065,188.41553,4.3551803,61.10351,99.02844,3.1752074,3.3450818
524,3,27.27966,318.23978,5.825382,87.50197,92.86632,1.8658749,2.2731361
527,3,14.015903,157.45706,14.097432,85.99846,59.966187,3.762241,1.843583
529,3,7.3946004,466.78406,20.80578,29.34292,90.76614,0.49358067,3.6417828
541,3,5.5562654,43.287006,4.838773,79.35214,68.73552,4.434872,1.0205299
544,3,28.243835,663.2277,8.744057,22.235413,97.34656,0.38121888,3.7291193
548,3,14.92783,131.73868,5.0824723,81.263435,86.15893,0.40364105,2.0117142
549,3,10.590848,221.42517,13.542507,37.4921,55.20015,0.09567201,3.0461948
551,3,8.692209,284.6009,20.25698,23.807005,68.032745,0.35044342,2.50174
556,3,15.778931,724.064,42.729565,83.81626,85.48693,0.21216756,3.0187445
573,3,3.8877547,30.110025,11.580105,65.00828,65.19798,2.848704,0.83538866
574,3,5.4406686,68.85635,7.836747,80.25473,90.04842,1.2529001,1.731613
576,3,55.863453,78.49908,1.915251,77.938545,99.299225,1.7578967,2.3847132
588,3,12.271909,286.83966,17.545963,47.286537,65.988495,0.36182934,1.1869763
589,3,33.369633,275.4356,3.420341,79.88654,97.00874,3.1003554,1.50265
592,3,17.75876,95.44077,4.9742746,41.57441,91.05976,1.3382769,2.903544
605,3,13.905769,271.831,12.161263,53.070328,98.669495,1.3045526,2.3143165
607,3,5.5952897,38.055393,6.646496,80.50818,96.614136,1.6706417,1.8836842
609,3,24.441637,71.29654,1.9111608,53.815796,95.92289,1.5231154,3.7400582
614,3,7.418735,63.76255,4.378976,50.73853,96.33679,3.034826,2.8559005
618,3,3.5523,101.76963,17.255518,69.31373,97.20254,0.5308363,1.8189136
619,3,4.6765385,137.58641,26.855347,68.33953,87.63717,0.05599746,2.4738405
623,3,12.980756,67.63483,15.2865505,7.240907,34.27816,1.1433066,1.1542295
625,3,6.812105,59.61093,4.6136293,87.36505,28.944796,0.76331186,1.7529275
631,3,7.517123,64.17928,6.7700796,71.22486,98.05785,2.0831428,1.527055
633,3,1.7602638,43.4458,8.147642,89.462006,19.044199,10.172491,1.458574
654,3,18.209694,779.98804,27.703587,64.05431,96.7783,0.81528324,3.8104112
658,3,18.079256,960.9485,35.839943,38.62546,37.905083,0.8270954,1.8558308
672,3,0.82151985,21.525427,29.809855,77.30157,39.877033,0.9312334,0.4833784
677,3,15.188624,34.959072,0.9154596,99.601006,9.088008,23.1071,1.7375593
688,3,15.203524,113.474686,4.5686727,45.401665,93.67996,1.1351519,2.313114
703,3,16.50748,35.402847,1.8535863,49.79822,93.108154,1.099376,2.962501
718,3,30.759653,402.6136,12.653781,35.034256,88.37318,0.36812207,1.8737061
719,3,82.19982,3701.9307,28.763891,23.234543,99.126305,0.057542443,1.7899271
721,3,10.519933,238.10608,8.471931,84.86446,73.17337,0.8956459,1.1887327
724,3,4.338788,29.03336,4.9692283,51.987568,87.95753,0.37290496,1.8372641
728,3,4.1606474,317.00403,69.57126,21.86121,86.60335,0.1936829,2.764956
731,3,4.1012177,389.55948,91.04579,19.482502,86.72259,0.16107558,2.6877937
734,3,8.845364,53.01104,4.05496,79.21822,96.40639,7.3684673,2.6620362
747,3,18.559692,258.3251,21.054176,21.564793,93.43346,0.44869158,2.936738
752,3,6.3474565,176.41957,23.50209,23.648811,87.27713,0.5156277,4.175389
761,3,10.839048,778.97516,30.540007,50.111904,93.07252,0.3736641,1.9266727
762,3,6.9322658,130.06082,10.501151,57.411884,70.12497,0.18501209,1.4961401
763,3,7.8574553,88.652885,6.9877105,88.02615,78.86595,0.8365986,1.2524813
766,3,15.12953,218.5142,8.076205,85.48896,68.696365,4.4934483,2.3090098
774,3,7.672343,215.93767,20.523417,83.546265,66.92294,0.8892928,1.2354625
775,3,8.511902,102.20769,5.364991,39.80794,85.14168,0.5913033,2.1451726
793,3,8.876011,843.6054,32.58962,36.711544,86.517365,0.4254204,1.1917448
802,3,17.618849,532.4725,23.493042,52.414207,96.60385,0.36216345,1.1116956
807,3,11.342645,184.11595,11.17532,66.03866,26.679506,3.293876,3.1469238
812,3,8.876011,843.6054,32.58962,36.711544,86.517365,0.4254204,1.1917448
824,3,6.3140903,73.0699,10.415141,92.23362,55.892693,1.8280399,1.4800748
827,3,2.2653577,223.69171,27.211477,64.16553,83.808784,1.0957806,1.5838231
828,3,4.9082904,151.49922,16.426605,82.93565,55.437798,3.6419992,0.83944803
831,3,6.2328157,112.515366,11.327856,67.36295,72.30714,0.6234343,1.5337085
837,3,2.5154455,10.592818,4.2133946,72.66838,84.68393,2.288596,1.5547447
839,3,18.552654,242.36505,10.255695,30.915447,91.88371,1.354949,3.0472636
849,3,4.6917367,27.508457,2.6825051,94.99843,71.05699,2.9456146,1.1670492
850,3,4.6917367,27.508457,2.6825051,94.99843,71.05699,2.9456146,1.1670492
854,3,14.277228,86.65079,6.2426367,45.207832,93.94117,0.46787155,2.185456
855,3,10.8358,486.71524,49.349712,74.2377,83.78015,0.186448,1.8233286
872,3,5.3445387,327.51477,34.76269,44.67047,90.572624,0.43368125,1.2709461
879,3,1.1314715,22.564873,6.205459,98.28883,20.69919,41.778946,1.4478106
882,3,11.392219,72.061264,2.9035728,73.657486,96.2481,3.8190832,2.4626594
883,3,12.697254,126.90261,13.817201,61.2571,88.58235,0.17951125,2.0655098
891,3,13.057072,3767.6582,153.65201,88.845024,97.97314,0.06691541,1.8091528
898,3,12.288412,314.99466,18.246195,83.76067,88.31537,2.1025057,1.8204688
900,3,26.53132,93.69289,1.9619086,66.69175,97.35362,2.085141,2.6458406
902,3,6.4855623,266.39883,57.237656,27.643724,75.56083,0.13830361,1.7538582
911,3,4.672378,71.75688,23.309814,32.683784,98.437065,1.3993963,0.6716774
916,3,14.626298,142.82382,5.429768,76.118835,92.60394,0.6971192,1.4522768
917,3,13.692488,108.72861,4.7684426,73.451775,91.61321,0.67486215,1.6419333
922,3,2.7802694,48.445175,6.5201693,91.23043,67.524796,0.6186333,1.869782
924,3,1.8979763,37.047157,15.586977,98.45818,5.3388495,38.112156,1.2815216
926,3,4.6754384,315.9347,20.760714,26.15226,52.20349,0.5611276,1.5238272
929,3,4.866204,528.63916,39.290432,72.81952,57.306602,0.30841866,1.3119215
930,3,4.866204,528.63916,39.290432,72.81952,57.306602,0.30841866,1.3119215
931,3,4.8662004,528.63855,39.290443,72.81951,57.306614,0.30841872,1.3119212
934,3,20.21537,132.13197,3.442754,61.507374,87.36147,0.838762,2.8275054
942,3,2.426859,272.81845,82.79783,44.003506,80.14186,0.29618746,1.2874546
943,3,28.747837,221.32541,5.5181766,91.44702,80.16051,7.0331078,1.3103534
949,3,11.181457,348.96823,23.418036,66.9417,53.10809,0.20223151,1.7844502
955,3,3.1320465,180.67624,124.0431,45.375134,82.28445,0.68978256,1.2050779
965,3,6.1370335,398.05005,32.39389,30.008724,92.11484,0.66673476,3.0060945
966,3,1.3771862,85.17409,43.670372,28.569067,82.1281,0.12010019,1.0488757
971,3,12.699182,159.22136,8.57389,23.763441,96.93673,0.17755556,2.7199724
980,3,27.025354,163.77629,3.0845432,47.700943,98.07702,0.50431705,3.2824602
983,3,38.869633,727.5577,18.74143,61.10291,97.63955,0.4760104,3.444954
991,3,7.7007203,189.09592,14.388199,65.49134,90.66495,0.42083266,2.249853
995,3,3.5816808,63.12523,9.780509,82.72886,75.61562,0.9388375,1.8513
998,3,17.101295,250.69304,14.296259,27.700375,97.5001,0.19322748,3.3130243
999,3,7.375904,425.98593,48.559788,49.565044,89.914246,0.8028595,2.9500685
1005,3,18.632242,147.42682,8.678357,42.709045,96.59356,0.2643413,2.396118
1009,3,7.100295,325.3566,50.914986,57.754368,78.58832,0.09299653,1.319213
1012,3,98.05904,806.04706,2.7163453,58.457214,99.319626,2.1717498,4.658914
1013,3,1.8424381,197.00801,28.801767,98.35842,3.7829585,17.006182,0.7891909
1016,3,17.842155,289.7435,7.2921724,77.416534,97.940605,1.2234557,3.304051
1026,3,17.046799,237.73775,9.853164,63.867264,96.65079,0.34542918,1.8313872
1031,3,4.682925,162.45111,28.940697,59.97625,95.743996,0.35992798,1.180168
1033,3,12.738556,484.27597,13.180028,27.385319,97.77882,0.74523956,3.297709
1034,3,10.781909,700.86786,24.62248,66.396286,83.13204,0.43183827,1.952426
1036,3,10.897806,161.76923,8.216451,77.78646,76.78528,1.2037183,2.1348383
1037,3,8.26917,63.80532,5.4328837,90.819405,68.63656,2.938016,1.8747185
1040,3,103.54982,925.89514,3.2148747,69.74702,98.81676,0.49157387,6.206169
1042,3,17.340338,36.21096,1.2135305,60.519806,95.17423,1.0846928,3.4291441
1044,3,26.398138,468.6258,15.649096,74.2832,85.48737,2.039092,1.2457132
1052,3,40.88901,221.84288,2.6417415,93.00652,97.99671,7.5118117,4.7100444
1053,3,20.05933,383.9309,5.6202793,92.71976,89.303696,1.8735707,3.586875
1056,3,5.0299845,202.86299,16.121628,83.32626,95.9241,0.6814477,2.0478408
1064,3,22.68102,244.34695,4.6600866,40.363422,99.22638,3.0508006,6.6126747
1067,3,13.083983,85.77415,3.5781682,80.22427,62.416267,2.490579,1.4698294
1074,3,42.23852,714.8319,6.6855617,70.94857,96.91665,0.33858025,6.645912
1076,3,12.3309965,248.31848,16.305063,37.70514,96.10025,1.3150547,3.6709452
1080,3,22.16397,213.06036,5.400299,57.890854,85.75154,1.2726872,2.792473
1085,3,43.884254,165.60631,3.4471052,74.03131,98.0034,3.430589,2.7159078
1088,3,7.884429,171.54257,18.280172,58.372677,81.90604,1.6664356,2.1724148
1092,3,33.68789,101.90727,1.4646941,66.15989,99.46807,0.8462292,2.6120281
1104,3,19.90979,492.72467,19.388752,38.538956,98.21945,0.27628475,4.6359706
1107,3,3.4345136,20.963575,6.315315,91.31835,10.39355,2.0433877,1.3843136
1112,3,30.82267,1152.1908,40.790283,49.628822,96.23615,0.034769703,2.3342328
1114,3,18.778814,141.62859,3.2789733,32.685326,97.48487,0.3534624,3.2630374
1117,3,10.006397,147.36168,21.891819,17.718567,97.25661,0.2420626,2.908062
1126,3,7.3605027,103.06685,24.040688,46.0537,86.82409,1.0603719,1.3865325
1129,3,91.052536,1512.1222,9.2993555,30.070993,99.55614,1.1583444,3.955081
1132,3,10.362565,117.565094,14.19586,58.21147,79.04441,0.14706558,1.2145278
1136,3,3.554757,167.1189,38.973564,56.89222,80.24194,0.33630812,2.6570876
1140,3,33.68763,1872.6841,25.597443,79.46338,97.92921,0.2927018,1.8803405
1146,3,5.218629,150.78812,27.704065,37.21566,30.967615,0.5992999,1.5994058
1151,3,8.784884,79.276794,3.5723736,73.22964,98.20732,5.532133,2.62807
1155,3,4.9017525,61.595078,9.133725,59.51932,95.33153,1.1755737,3.0211463
1161,3,9.14964,48.13889,4.276912,67.40457,97.03517,6.506997,3.166399
1163,3,3.8044093,258.46808,43.66854,63.587757,87.21584,0.33995038,1.4878106
1164,3,8.695195,115.5118,4.3300076,77.050224,94.48869,1.2276692,1.70104
1165,3,8.007695,118.56415,8.859852,88.91586,82.50582,0.41781256,1.3838642
1169,3,10.690917,70.6164,3.637866,77.93408,99.65122,3.2110379,2.3742065
1,4,17.589493,71.95272,2.0446963,94.45355,13.768893,38.354477,1.5961137
8,4,2.0157156,114.374596,29.310316,55.480198,60.09819,0.27532658,2.1816907
16,4,1.4064883,128.15903,152.60959,32.817085,96.28633,2.6915085,2.8310807
18,4,11.572882,236.71349,16.688118,53.43223,68.16081,0.19005275,1.4394896
30,4,19.559092,348.71582,14.718276,74.16467,96.7815,2.8149498,1.4855344
34,4,7.1405044,377.42184,41.513157,22.754692,43.321934,1.6459608,1.1836466
38,4,36.47708,10.930152,0.15956199,99.52983,61.288918,24.474266,1.9326757
39,4,31.473354,33.92339,0.5791133,99.50516,83.00499,38.30453,1.4365826
46,4,37.57712,316.01968,11.889853,59.6415,84.77645,0.6205111,2.7546833
47,4,2.8470623,94.00183,23.150017,46.19239,88.495224,0.42851278,3.2683098
48,4,53.074825,336.94113,7.6299596,65.57533,87.82942,0.055617012,2.0639117
49,4,5.144327,54.533092,11.454121,47.15982,97.5309,3.8478553,3.1596942
54,4,7.7501025,41.66063,4.1031427,96.32335,12.77351,33.260082,1.1984997
55,4,4.5439916,157.9763,20.740635,44.696068,76.69205,0.04400187,2.008111
56,4,2.1747572,82.35721,13.019837,96.72234,4.329577,9.270267,1.0934156
65,4,4.3417473,176.72578,17.0285,53.244354,75.28153,0.5783641,1.2519277
69,4,20.892643,356.66434,19.38367,21.042437,96.879715,4.262787,2.6961722
73,4,4.7932887,46.010323,6.5500083,95.81735,97.60373,2.4262977,1.4956803
74,4,14.068888,56.104607,0.8520466,99.98112,1.1446329,160.11606,2.0574503
76,4,22.772903,15.898558,0.20293202,99.84721,82.86505,33.459785,2.091132
77,4,3.4684205,33.81022,5.574832,85.62264,85.38241,2.1023808,1.1905726
79,4,3.0780423,31.682074,4.7352066,94.387955,89.9783,29.227606,2.5954077
83,4,5.180106,193.3354,20.937433,36.96202,73.501625,0.37314656,1.4918374
84,4,2.1827052,64.50359,10.995363,51.20661,13.394201,1.0218351,2.6065814
85,4,1.6132045,87.10598,37.582703,27.45186,82.01206,1.6412004,0.8583758
87,4,2.8767004,12.154139,2.4918535,97.18698,18.010054,16.032267,1.7323207
95,4,1.2831867,34.927605,37.41462,52.570312,98.81095,10.21156,1.2901775
98,4,12.123136,114.79613,7.1395664,26.386185,93.034836,0.53436553,2.134804
101,4,3.4042666,23.7304,2.9997075,99.85627,13.336385,89.48061,1.2513815
106,4,6.767274,301.77658,14.0468855,93.06131,93.27889,13.42806,2.246257
117,4,0.9168059,43.985157,6.9648213,84.6459,21.928926,1.5596161,1.05742
121,4,22.148918,43.7165,3.5683444,73.984344,97.45165,2.795719,3.2533128
122,4,127.8377,716.2276,13.055377,35.611534,99.82024,0.14426824,8.528394
124,4,3.2621486,931.7524,117.465034,80.607086,2.3197656,0.069724984,1.8173907
126,4,6.329636,60.959106,13.072399,80.33548,83.94911,0.37720183,1.8412865
127,4,7.736833,535.4007,34.284794,63.785988,80.48419,0.7946516,1.7242872
135,4,112.79658,994.8655,8.714154,16.87434,97.02788,5.3890653,6.7332745
136,4,58.16547,2025.703,46.563118,28.420025,95.67699,0.96006906,4.3621683
138,4,5.2912774,292.33713,17.08847,50.379246,39.53126,0.5161639,1.4067411
142,4,3.1011505,19.979218,3.1827471,91.39282,92.63227,22.566496,2.0834568
157,4,3.0000644,250.58694,100.30212,61.82074,95.364624,5.450452,1.5090231
164,4,53.401768,1042.395,21.510319,58.893425,99.38353,1.8708941,6.54703
165,4,15.096882,224.40942,19.677156,45.365074,99.74114,3.8995628,2.4066439
174,4,30.541105,1078.5547,43.358677,34.879337,99.87941,0.69784206,6.1275444
189,4,7.5368533,224.86311,19.464685,45.445164,95.50225,0.49863964,1.5960277
190,4,3.241487,237.01178,28.842628,68.89591,76.58182,10.23763,3.1109824
191,4,2.068038,97.80807,24.985094,36.69859,76.67459,4.0508575,1.4815835
194,4,12.431883,967.49,141.58871,49.376457,59.949932,1.4098767,3.7508037
198,4,17.698326,51.89032,2.9091282,42.556175,98.05134,9.075096,3.031748
209,4,11.441752,54.35667,3.7305782,85.76586,98.324005,3.666761,1.712353
210,4,1.9416443,46.925484,10.71244,97.63983,19.19557,4.695148,2.7737563
215,4,21.43667,14.277565,0.16043435,99.66579,76.3023,48.20102,2.614509
216,4,14.879492,727.0841,67.5661,26.273123,95.35319,0.13436604,2.0778594
217,4,4.8704214,118.279144,21.933357,68.12639,96.184685,11.709136,1.5229979
221,4,4.4170284,123.120224,6.9895167,95.59337,34.779152,1.4137372,1.9078559
224,4,4.742897,32.46334,5.3684945,36.766853,74.86285,6.0189686,2.8891845
226,4,13.478521,312.65454,24.736572,56.27833,97.27524,0.8634604,6.3757763
242,4,3.5529006,150.49579,46.469845,36.15209,86.20517,0.19197771,1.9060045
245,4,3.8206072,92.52978,22.737963,47.053345,87.96263,5.5258856,1.2457916
249,4,19.977556,205.07143,10.044986,56.024986,6.277106,0.78623676,4.849134
257,4,17.156998,830.55884,50.176266,95.46555,95.56368,0.040524784,2.5551603
262,4,6.914687,193.14296,15.85758,95.827774,0.44237137,140.3437,7.0427074
263,4,2.1345122,36.48364,17.688131,47.672894,22.33695,9.148053,1.7485498
264,4,6.697453,43.803703,11.9339905,53.099625,76.60601,2.8214066,1.5888159
265,4,4.9802666,349.99408,89.63386,8.984561,4.982162,0.2169481,1.532044
267,4,35.90226,1669.8739,61.1833,37.82203,99.572495,0.33123928,5.041914
271,4,16.587112,528.811,35.377785,75.070526,99.117836,5.444114,3.8561506
279,4,13.837146,485.33392,21.245632,69.95654,99.18936,0.28438142,2.6361616
284,4,16.590467,22.941437,1.7611109,69.87835,99.681404,45.828716,5.07339
286,4,0.9993769,33.741287,17.231918,94.897514,2.823676,52.983673,2.1741116
289,4,7.7626734,536.7739,20.161556,52.87965,88.959236,0.41770658,2.9262118
293,4,49.482193,570.9001,10.045454,82.75511,81.94792,0.3183334,9.381633
297,4,53.1006,780.23425,9.209532,13.835711,55.340942,0.13390292,1.5587078
302,4,25.601461,204.74712,8.980288,70.5081,96.339035,2.2660298,1.8841447
303,4,5.533375,394.11267,57.094128,72.6704,84.14515,0.12456329,3.871165
304,4,6.9990344,142.17195,16.543533,66.90712,99.117035,0.87078416,3.9456513
305,4,4.221612,19.42071,1.897567,99.89771,18.515749,67.37263,1.7918704
310,4,6.46338,104.59007,11.66688,89.15147,95.67121,4.946675,2.035146
311,4,8.371633,13.781093,0.49688804,99.79256,59.67092,26.3338,1.854247
318,4,72.31998,454.95035,7.301011,83.17625,99.57637,2.0702717,8.607079
321,4,12.579375,98.41,9.192747,79.30816,88.538025,0.67062324,3.380779
328,4,40.876923,339.17447,10.315713,68.8873,95.527306,1.1753936,3.9587913
330,4,9.240892,200.98561,30.866028,92.922554,4.806679,7.0982385,1.8310683
331,4,11.182055,186.76738,26.825333,54.479263,99.61933,1.1172404,3.8646271
335,4,1.9200865,206.17055,83.36633,36.728214,86.66774,3.0074508,1.5987602
339,4,4.766023,97.943954,21.53152,93.69883,38.772343,1.3085039,1.3522742
343,4,1.8794984,54.190594,21.448347,56.54805,58.278458,12.924205,2.453095
344,4,6.563559,134.54074,15.517522,48.154583,95.84783,3.823255,4.0638666
349,4,53.05966,68.41325,1.3292348,79.59451,89.83977,4.1911182,2.3742752
352,4,15.151935,327.30933,22.507881,66.6546,92.47814,1.1689574,2.4694269
355,4,3.9567876,22.760487,8.033181,91.212975,0.9035059,3.1354413,1.686402
356,4,20.509468,1273.952,81.98158,33.584415,97.19176,0.40596056,2.5786116
358,4,2.8377218,55.818756,10.506485,51.215492,97.355515,4.8628416,2.6936684
359,4,4.310173,12.013383,1.8027722,92.78399,98.705185,5.636416,1.2694333
362,4,26.295473,198.69067,6.55739,25.684347,98.95869,0.9133247,2.4892879
372,4,34.91613,490.22192,15.478499,57.93857,93.91317,1.6732199,2.9308965
375,4,21.687151,47.45368,4.1810365,94.88034,96.5048,0.42277867,2.1126208
379,4,7.4463453,233.03769,26.78446,80.85269,19.214397,0.48321715,2.1984146
380,4,23.596104,407.86487,18.204002,54.514072,97.9656,3.6611335,0.8866195
386,4,3.8717096,114.4533,12.782454,62.433372,96.6291,4.0342464,1.7912176
388,4,24.296312,165.80798,8.196169,92.91702,96.68568,32.19363,2.258437
389,4,7.990901,40.690712,4.9922624,65.35746,97.021355,3.9924912,2.3279266
391,4,1.7700722,90.90926,21.9141,73.80145,96.7177,0.65969706,0.9170222
397,4,5.3979406,27.977625,15.570197,55.877594,22.352507,28.511045,3.9378183
405,4,10.918334,643.4416,21.510519,83.40393,86.45205,0.32268804,1.0718087
406,4,4.4448166,34.697952,8.16587,34.841248,91.197334,0.30633208,1.5105674
408,4,7.132712,145.33516,19.614792,70.271736,80.99398,0.057589643,1.5603787
410,4,4.0456486,167.40273,18.562479,76.66418,44.011837,1.8069122,2.2764437
420,4,10.589354,62.116955,8.35884,77.735565,49.608074,1.6987743,1.7858377
423,4,9.217045,122.284546,10.312808,78.93296,9.820259,1.3271492,1.8537577
432,4,7.1156764,311.22375,17.473587,55.53238,3.5726354,0.19105567,2.1032252
444,4,7.911061,148.60406,24.961815,97.21734,85.71597,2.3285975,0.8394616
448,4,10.750557,93.96597,13.436658,88.418304,98.85169,3.238295,1.6738249
449,4,7.5654554,115.42857,20.644611,66.856316,94.83627,3.6187437,6.077542
451,4,5.0576177,17.43186,15.716741,58.418385,84.56753,1.5230196,1.7846887
458,4,28.958529,399.40237,28.70153,64.452,99.63914,0.8028925,3.33859
462,4,4.493484,457.44272,41.415504,70.2089,93.47057,0.18831545,3.1402788
473,4,19.522436,525.56433,57.415073,59.317688,95.19391,1.3241794,3.405375
474,4,5.554899,275.62604,34.760113,44.042603,94.17764,0.22588372,4.059027
484,4,5.880277,242.58002,20.897661,78.437164,99.57498,0.10962593,1.3986404
487,4,14.583191,685.62177,25.534979,77.92521,24.033415,0.14698939,3.1446183
489,4,6.0633144,161.39613,15.240263,77.63201,50.02787,1.0159141,2.2094023
493,4,8.284959,102.17117,9.871515,64.66577,96.77278,1.6504099,1.2608042
495,4,10.321749,1095.0951,53.617237,64.52542,31.67175,1.6190274,1.6114885
500,4,8.390025,75.44163,9.435361,82.03681,97.26788,7.6226296,0.9768989
503,4,9.897582,27.186407,4.2512665,92.96253,97.28577,0.64434093,1.3391191
504,4,7.637003,1149.962,96.14445,74.23962,34.44034,0.5610883,3.7609951
505,4,13.250283,455.29465,27.986204,44.12038,94.35873,1.1851951,3.743054
516,4,26.709187,357.17163,8.008443,86.21627,98.19151,0.21027419,1.8291702
524,4,12.331731,450.91995,31.31111,75.90916,91.32287,1.6577071,3.6547034
527,4,3.6583834,49.931747,13.325994,62.914074,66.68049,3.1808908,1.0523795
529,4,7.439148,571.02167,22.709408,20.196835,98.87435,2.8420012,2.6628888
541,4,10.228133,42.91758,3.9941804,40.04873,69.36647,2.2670078,1.4982252
544,4,26.961212,1810.9171,82.93514,38.824795,99.008514,0.16763495,2.8820767
548,4,6.978868,311.08453,29.914627,32.11192,50.15088,0.1265404,1.8724469
549,4,36.047703,511.38037,11.015128,70.28484,91.06859,0.25044495,1.7384051
551,4,10.6279955,139.06598,26.023956,9.469968,80.23434,0.0530955,1.7868116
556,4,5.2797656,470.81174,228.95494,59.855366,83.6335,0.26465935,2.5566657
573,4,4.705906,44.538715,12.443764,36.253727,35.58294,5.0196185,1.4807156
574,4,3.7507234,98.8888,18.02574,59.863586,97.6298,2.336416,4.6856833
576,4,28.33769,77.62773,2.3036995,84.68421,99.40606,2.0397274,4.674534
588,4,11.758068,126.529884,16.415998,32.637455,55.384613,0.51616424,0.8274728
589,4,26.210491,244.43443,7.0024624,74.34709,99.140724,7.0317326,1.6243632
592,4,27.609838,71.08245,3.1493697,49.22599,97.89926,14.7214155,3.4935048
605,4,6.355724,445.2864,25.252613,83.12701,99.37265,0.46048224,1.087942
607,4,5.3778944,13.227767,4.7807693,69.50307,91.92699,2.3810296,1.8244988
609,4,21.336351,273.39148,14.880252,43.334827,98.90962,0.75073653,2.364337
614,4,17.55357,18.300451,1.6735011,93.43085,99.48978,5.2491627,2.719308
618,4,4.441961,138.69453,23.617662,60.118767,97.16187,0.5846574,2.4779415
619,4,5.926445,74.09061,51.633793,77.98187,87.30395,0.08332868,3.5292213
623,4,27.700972,120.12858,9.774664,1.2132853,32.20588,2.3607833,2.302095
625,4,14.344777,211.1367,8.435333,70.5808,12.650263,0.7891473,3.2475688
631,4,10.5713215,181.21373,12.638799,80.856094,99.29939,2.070849,4.6247587
633,4,1.9528811,22.011805,5.3235145,98.40966,35.313534,5.1023197,1.385855
654,4,11.302099,399.87097,40.02162,73.34618,98.718056,1.4097154,1.4910072
658,4,17.295996,616.78827,53.83393,19.0142,30.757513,2.347971,1.1975318
672,4,1.7879343,32.289776,35.84869,82.19922,74.01341,4.406099,0.59906316
677,4,9.089881,53.96051,1.8297951,99.712975,3.3714204,73.488945,1.6889817
688,4,17.536411,262.82837,24.319017,32.52556,96.79695,0.90708834,1.2820472
703,4,23.106777,128.8243,10.027349,39.5848,98.008026,0.5129458,2.7829728
718,4,46.08983,558.95416,14.757411,52.45235,89.80215,0.9741263,2.478502
719,4,28.944216,538.67645,25.88522,26.297443,94.57409,0.09363345,1.2402846
721,4,17.476114,167.84793,6.866373,92.788086,93.64811,0.5079203,1.242529
724,4,26.615057,32.36735,1.8623188,51.600437,98.31992,6.343219,2.8060634
728,4,5.741364,185.9425,48.08865,8.545288,93.292244,0.12795314,2.2574558
731,4,7.4151907,233.14569,44.30785,8.385161,94.14657,0.09003118,2.5133708
734,4,9.918502,92.37148,11.723714,86.538216,97.371666,10.097925,4.121939
747,4,28.070395,1083.5874,62.244247,56.455524,96.94596,4.4249506,2.2570975
752,4,9.639714,355.0842,42.677593,24.791521,96.08984,0.26431155,3.956066
761,4,10.158141,672.3261,57.445847,82.36217,96.15042,3.8241694,3.0252538
762,4,9.870945,136.01315,21.35251,48.445156,53.309032,0.08549363,2.5507224
763,4,9.03011,216.22748,12.889966,86.28728,92.50069,0.7866225,2.2421503
766,4,9.263549,287.2347,17.909088,93.40833,94.83798,8.84257,0.810637
774,4,13.5039625,164.04976,26.5875,94.197,63.154816,0.76930815,2.604329
775,4,15.044006,148.54828,8.554166,40.853806,97.79752,0.17283699,2.5283966
793,4,3.085139,233.50652,63.591694,31.807951,86.769066,1.1454638,1.5685911
802,4,11.069918,773.72015,53.2223,14.862298,89.943146,0.16750434,1.9986354
807,4,7.836982,511.52664,107.71677,28.668547,14.851459,2.9209504,3.078738
812,4,3.085139,233.50652,63.591694,31.807951,86.769066,1.1454638,1.5685911
824,4,9.606997,33.980713,4.0141134,96.771706,29.588785,4.241176,2.07198
827,4,1.7980988,187.9784,39.315018,88.96364,91.68107,1.1125792,0.7724046
828,4,2.252682,225.63435,29.018293,82.133064,30.147047,1.2369395,1.4577333
831,4,5.0298705,151.05424,25.186502,79.417114,48.479534,0.5718586,2.423205
837,4,1.4099363,9.681257,10.446601,79.41673,92.98255,25.747257,1.246426
839,4,12.794888,703.8723,43.510998,8.417463,94.43615,0.51189405,1.965267
849,4,0.9168059,43.985157,6.9648213,84.6459,21.928926,1.5596161,1.05742
850,4,0.9168059,43.985157,6.9648213,84.6459,21.928926,1.5596161,1.05742
854,4,10.040492,496.16516,91.63812,71.87856,79.74037,0.12384576,3.312606
855,4,12.4170885,619.9096,84.97399,60.208515,78.46503,0.18036339,2.013248
872,4,6.2447605,390.81494,54.11584,67.02496,98.65263,0.12553118,1.1299176
879,4,0.6660203,13.988439,4.0695896,93.348854,19.773518,90.00931,1.5652949
882,4,24.665062,82.98966,3.308118,83.93739,98.7318,15.580154,3.0863178
883,4,12.831525,226.98297,17.397434,82.993675,93.44851,0.26060003,1.8982389
891,4,47.269493,3450.5498,105.4108,90.28848,99.05689,0.024201026,0.77630705
898,4,7.3044896,1101.3187,65.13779,89.52667,87.814095,0.16452713,2.0309596
900,4,17.865582,204.8294,17.175728,36.83619,99.49287,0.9363951,1.9616314
902,4,7.5092635,577.2941,176.48843,36.417946,57.442474,0.0644408,1.4535013
911,4,5.2033086,129.8609,22.428337,39.037518,97.25161,1.1586891,0.79312116
916,4,13.537639,107.66929,6.3372355,76.689644,95.63777,0.43182406,2.0284348
917,4,12.391688,101.68742,5.399636,83.340965,95.65416,0.56106764,2.2647803
922,4,24.496626,36.425022,3.4635348,68.81823,98.77692,3.4853673,2.9043849
924,4,0.97758913,19.343441,8.348117,96.85012,2.4747887,44.613255,2.7950263
926,4,2.921295,226.40216,31.326471,70.438354,45.613453,0.44091403,1.0731556
929,4,10.321749,1095.0951,53.617237,64.52542,31.67175,1.6190274,1.6114885
930,4,10.321749,1095.0951,53.617237,64.52542,31.67175,1.6190274,1.6114885
931,4,10.321737,1095.0945,53.617237,64.52543,31.671776,1.6190289,1.6114883
934,4,43.946983,138.30934,3.3318036,90.234505,91.34113,3.9767137,2.1590922
942,4,1.9668169,287.6592,48.733604,82.84279,90.25984,0.4981881,1.3643682
943,4,40.81107,646.2953,30.356071,93.79514,51.618904,1.3639055,0.58838713
949,4,4.453117,138.17842,25.026531,63.468773,77.89597,0.3025601,1.0496478
955,4,1.25771,270.09122,148.08327,57.74101,45.42961,3.97124,0.9868833
965,4,6.1037197,546.8297,91.11927,56.391773,95.883965,0.5942948,1.4094517
966,4,1.5695465,30.403954,42.744053,67.25667,94.31488,0.26345783,2.9225743
971,4,16.50224,174.28473,23.560734,18.529556,98.83532,0.39501077,3.2791193
980,4,51.365925,545.45685,14.04039,68.07865,99.85373,0.0948293,3.2119226
983,4,29.605473,1638.566,91.5187,46.015827,97.983665,1.0918696,3.3385003
991,4,18.866596,532.9588,28.61028,63.635853,92.84074,0.41659755,2.1201134
995,4,2.9403086,112.86397,63.489437,86.37616,74.744286,0.6398317,1.5404638
998,4,20.016577,107.59525,9.787032,44.077934,98.26919,0.66337425,1.6569524
999,4,4.518395,316.35696,96.28955,50.42977,91.691765,0.2992094,2.157866
1005,4,46.64978,402.52917,14.75443,46.469917,98.94449,0.04780812,2.6342652
1009,4,4.7841663,139.21974,49.685013,44.984108,79.75808,0.1393181,1.8583121
1012,4,64.96633,2565.9976,35.616295,24.719454,99.32286,0.45660925,3.0960712
1013,4,1.4050493,33.64184,11.048722,99.04855,24.538914,29.21366,1.8576331
1016,4,13.078135,172.92027,12.4316845,85.35818,96.82008,6.7654605,2.8060775
1026,4,9.417834,548.63416,52.045334,30.536493,96.6909,0.22061087,2.4600031
1031,4,14.9778385,150.70206,5.332626,98.10973,99.4045,0.2072944,3.1087914
1033,4,19.856985,937.54114,27.021572,62.587753,99.05928,0.43454704,3.2396767
1034,4,14.816406,1183.6073,57.454094,63.73966,83.8111,0.1114825,2.7776802
1036,4,16.267838,244.28404,14.978627,80.837204,82.21791,2.8233116,1.5839301
1037,4,10.329688,65.33524,6.340565,97.00261,83.380905,2.3783457,1.9753028
1040,4,174.67802,2842.4678,14.137306,70.49839,99.81909,0.14627868,7.2361956
1042,4,33.736603,186.79384,6.7336774,46.641636,99.54712,0.8757419,3.5201278
1044,4,18.372183,1043.8627,81.89846,92.82403,79.80486,0.5494117,0.8775781
1052,4,27.632175,197.44392,8.369183,88.01896,98.49253,4.604804,2.1498418
1053,4,26.580742,376.8109,15.092233,97.000854,99.26413,4.5940156,2.5711586
1056,4,5.4810863,262.40393,11.183443,86.49464,94.13932,0.3737571,2.7842119
1064,4,19.644869,129.52399,7.6328354,72.35885,99.079346,2.4624832,6.0721197
1067,4,33.370274,238.05524,6.758947,80.74155,89.088455,2.0396476,4.264719
1074,4,30.57318,615.15295,22.377703,70.70241,98.24623,0.1952461,4.0401444
1076,4,12.088856,206.54587,17.453627,70.322845,98.800415,5.173965,2.1772523
1080,4,6.68497,343.6485,34.33778,80.28977,91.615906,0.24147281,0.94836783
1085,4,101.27677,548.13776,3.745276,88.06304,98.964905,3.025869,6.3528557
1088,4,31.694494,216.42033,8.245556,94.9401,84.025566,1.6167569,2.9508655
1092,4,41.87655,356.01956,4.2504053,53.318207,99.61003,0.90009165,5.0620594
1104,4,13.481807,598.7339,65.6807,58.36569,98.20673,0.18588394,3.8244994
1107,4,6.6491847,24.868826,7.311296,88.40468,9.591205,4.1332107,1.8416321
1112,4,14.945714,648.57324,58.649853,42.452824,98.073204,0.029379798,1.7610629
1114,4,20.964468,242.41495,9.417311,16.899624,98.56091,0.43271545,2.8571124
1117,4,4.542697,50.128002,12.475597,27.147055,98.36893,0.19112061,1.4258544
1126,4,24.36266,128.56352,8.802022,52.384186,94.002266,1.5187308,2.9527857
1129,4,48.34038,369.24722,10.60142,47.371994,98.85317,1.4517928,4.6137953
1132,4,9.98307,118.89115,25.231176,30.102222,72.92721,0.1871356,1.3480171
1136,4,3.7546608,217.02628,69.17496,66.915115,69.418945,0.22993201,1.6852305
1140,4,12.719538,505.97714,45.814995,91.206436,98.710884,2.5690958,1.3877122
1146,4,23.906609,105.73721,14.355897,14.086212,5.7703323,0.36334062,1.7008858
1151,4,6.0150647,13.367332,1.2404611,87.68059,98.48326,6.983154,2.3956988
1155,4,31.558037,158.67686,6.060741,75.15552,99.1495,3.2952604,3.354639
1161,4,21.175152,188.87473,8.257733,78.138306,82.948746,0.99080926,3.168873
1163,4,6.880951,307.9599,46.661777,57.155727,91.04338,0.66825616,1.1481172
1164,4,10.13112,90.69868,6.9498386,70.105255,98.69516,2.564174,1.3425342
1165,4,5.327993,122.82373,29.145393,49.15499,81.96162,0.13282537,1.2968946
1169,4,13.616628,55.25724,2.9537306,70.27262,99.82027,43.055943,1.6471989
1,5,10.03372,51.59473,3.9561408,94.032,15.6298895,16.290077,1.4373007
8,5,5.3648343,169.79482,14.303164,65.350006,93.92009,0.4142039,2.4584732
16,5,2.1789773,196.77747,122.50528,87.919685,93.447754,1.9848415,2.8706913
18,5,22.911394,729.23193,16.988083,21.9459,76.59922,0.054249544,2.460165
30,5,21.119617,320.8823,6.077925,88.12194,98.7314,3.1897995,1.3601698
34,5,7.2491407,152.05515,15.08711,37.475723,62.849846,0.4564052,2.7696788
38,5,22.394274,17.81191,0.6453757,98.73526,59.9371,9.966599,1.3425963
39,5,28.72572,17.558023,0.26558968,95.41829,91.45059,7.3495946,1.3103923
46,5,9.823919,118.36729,9.715675,40.409786,86.42492,0.08395324,1.7409852
47,5,4.2926006,74.31269,11.992452,79.9976,92.427826,1.0681084,1.5322574
48,5,29.105236,467.52625,10.623716,44.378223,77.07642,0.031235028,1.9973297
49,5,4.5762777,61.596855,9.135059,49.070168,85.78516,0.6923465,1.8803679
54,5,5.60702,39.43936,7.2219644,94.52213,14.852541,18.995747,1.5478477
55,5,12.144611,593.7569,24.819984,43.298054,93.99343,0.061182056,4.364222
56,5,6.003434,74.933395,10.021815,94.00811,8.103379,3.3524997,1.5333285
65,5,4.8237967,158.98929,16.337063,46.79848,83.291245,0.10919746,1.4925013
69,5,21.962961,307.40723,6.828514,47.157013,97.8773,0.4770826,2.0353274
73,5,16.874662,51.551712,1.9040823,94.67656,95.78537,4.130138,1.1719301
74,5,14.772904,40.762054,0.99879104,97.81958,4.045344,18.200909,1.9782834
76,5,24.237383,13.463339,0.27195048,99.380516,94.1043,15.881983,1.3095528
77,5,6.370013,22.676165,2.027908,95.631165,93.86103,2.713604,1.449548
79,5,1.9444556,30.921707,12.25306,89.459045,71.40666,6.3878484,1.3705418
83,5,6.995027,161.2571,12.896577,37.790607,89.28864,0.14343283,2.2728534
84,5,3.0544107,37.42709,9.308009,87.66203,34.87627,3.2316456,1.1439538
85,5,2.4985929,40.272667,13.560735,39.022335,63.828568,0.6338975,0.8681122
87,5,6.1404543,16.218098,2.0891395,95.38773,22.072018,7.3396497,1.2221736
95,5,1.9891424,34.106594,29.655167,96.441414,98.16536,12.164582,1.8493265
98,5,6.2742853,107.3207,8.69468,53.521427,96.406395,0.26379496,1.5670471
101,5,6.3589497,26.64899,3.6575897,97.99632,25.901197,10.199263,1.8506773
106,5,4.9675555,82.42929,8.97857,89.32237,92.40254,4.2792983,2.1381464
117,5,3.4949286,40.40625,6.4475436,93.97774,59.282528,1.127312,1.1739234
121,5,7.44114,63.454956,6.2578278,64.60694,81.8028,0.85783774,2.4121919
122,5,76.79852,1376.7172,6.6013746,28.375303,99.4395,0.7101535,4.1820865
124,5,11.912334,978.81525,162.2292,58.23153,3.9183261,0.021286424,2.1007028
126,5,9.053735,295.74927,19.098318,62.94778,60.033222,0.041129112,1.2154949
127,5,9.5641365,590.41583,29.280653,55.29973,78.98433,0.14866963,1.3281647
135,5,9.470246,243.2448,18.469091,45.26222,95.871254,0.51737297,2.0002074
136,5,19.33794,2535.2778,88.69556,23.006733,98.81587,0.042119455,3.4189246
138,5,7.6458426,326.21973,23.139027,56.691067,70.08915,0.5085538,2.5449672
142,5,4.246067,31.887232,5.526693,98.99672,93.7597,31.323643,1.2457477
157,5,8.620062,240.34062,30.75311,85.78218,97.411674,2.8677728,2.4253535
164,5,26.573738,2505.2024,63.64817,24.976812,99.266,0.063864894,3.5048862
165,5,39.15651,125.145905,2.5062783,87.692474,99.33941,7.8091607,2.3099935
174,5,27.70989,1277.949,30.407768,37.46917,99.891075,0.096278265,6.5680165
189,5,14.857209,306.6772,9.360524,60.503925,85.20996,0.21125942,2.028462
190,5,4.6985044,481.7426,49.607704,56.611893,75.98327,0.47565797,1.376445
191,5,7.3881197,95.91608,8.602199,23.56033,69.20653,1.8347785,2.768734
194,5,28.458302,1859.962,63.565327,51.798164,64.9146,1.9847383,3.614206
198,5,9.79738,53.03111,5.102211,66.1023,88.510544,1.9322901,2.1450272
209,5,35.044254,72.30948,1.3315903,87.701096,98.15532,2.3794,2.0018547
210,5,5.480279,87.947044,14.91533,97.570984,8.695033,15.837696,1.2521156
215,5,24.88231,10.468871,0.14784443,99.19132,92.28154,27.775137,1.4494824
216,5,18.758171,299.85434,12.480379,38.80061,84.91376,0.23861897,3.3336537
217,5,3.9486837,51.688698,5.922421,79.733154,91.72359,0.8864594,1.4601417
221,5,12.038202,140.24266,3.8221035,99.33829,46.243866,16.93674,2.8413115
224,5,7.2044554,42.039124,3.0488698,88.72368,91.98969,1.2578317,1.0061986
226,5,8.569764,562.24133,44.919872,59.8707,98.85567,0.13759023,2.4036756
242,5,4.820785,253.75725,34.326878,79.06829,87.2095,0.42271808,1.7959062
245,5,16.304628,127.301384,7.821739,87.87576,92.941315,4.122992,1.1159241
249,5,16.387693,376.60556,18.704103,51.318806,15.626869,0.1699469,2.8899848
257,5,9.287886,450.62646,19.471466,65.973236,91.79817,0.22673307,2.2982178
262,5,6.199129,87.383415,6.2710714,97.46781,1.4845595,69.46576,2.2459707
263,5,2.345732,25.538525,11.2770605,64.70286,18.026031,6.337854,1.5166138
264,5,21.858997,89.73895,6.936994,69.628815,72.70741,2.5312047,2.1943882
265,5,5.4164333,122.390465,24.029497,22.9534,25.384449,0.39514723,1.4760348
267,5,21.986425,2594.8062,67.05019,33.49155,99.66019,0.025284955,4.9049306
271,5,8.465649,289.0443,26.89838,43.54387,99.139046,0.2550826,3.3975625
279,5,13.6087475,600.5177,16.505856,72.219124,99.56137,0.1137819,0.87578034
284,5,8.683202,22.231792,1.7349536,79.88804,94.99869,5.5025206,1.8014446
286,5,2.0379775,22.798973,8.921334,97.631035,5.4922037,12.214952,1.2947047
289,5,9.612348,300.98557,11.481878,84.7127,85.04788,0.14340666,1.8514845
293,5,11.392478,323.60663,16.951275,81.49177,87.3075,0.15404724,3.0209088
297,5,33.795567,972.3071,22.430515,13.200178,76.43725,0.07869614,1.2126546
302,5,19.527319,533.51324,16.91647,70.24102,96.222916,0.4009811,2.604168
303,5,10.792997,380.56876,25.724722,52.159294,86.23496,0.08688245,3.9035323
304,5,4.4142537,102.528076,15.860166,89.70481,97.36181,0.72924066,1.84391
305,5,8.141436,29.344893,3.0714753,98.72035,38.30864,12.780605,2.708509
310,5,3.6735435,283.71515,42.341415,91.25836,92.073586,1.6095157,1.038879
311,5,9.409721,18.04008,1.0436219,99.39802,41.932617,25.97408,1.009626
318,5,17.918331,171.06474,5.2792387,85.15882,98.32645,1.7397369,3.1856184
321,5,6.87537,62.18973,7.3854165,82.67499,92.55025,0.45199218,1.7976395
328,5,39.772884,756.1928,12.41277,79.575264,99.11302,0.1075076,2.1621544
330,5,5.090574,223.19382,33.514256,63.01019,5.8515363,2.254147,2.7262778
331,5,7.0981593,128.68448,7.793738,47.066017,98.546936,1.4833922,3.0736449
335,5,11.15336,268.01993,23.76228,94.89359,87.01536,2.7973924,2.330297
339,5,3.414154,66.43397,24.443403,69.98503,24.892048,1.1316545,1.1505855
343,5,2.4864604,70.264595,16.409962,71.57442,66.3842,3.5009425,1.5867552
344,5,4.3023424,75.534706,13.163147,54.60907,96.003784,0.6016997,2.1668088
349,5,32.84114,35.59492,0.9615567,83.51186,90.33328,8.303734,2.1920424
352,5,61.639256,1399.4142,12.435517,83.67381,98.97953,0.12956165,1.9038471
355,5,1.6011117,48.4104,29.457546,73.586784,4.4084544,6.7210965,0.722755
356,5,18.08761,697.0797,13.517046,30.086025,94.4441,0.060054213,2.1828082
358,5,2.4721305,29.72328,8.936601,90.62839,95.46391,4.530871,1.7271397
359,5,2.1245768,19.108753,11.52894,94.05967,96.47137,14.167595,1.0645522
362,5,22.209341,119.97041,2.4084682,26.792038,98.9814,1.0775398,3.3183722
372,5,57.28283,526.7735,5.550827,71.64862,98.5832,0.23272412,2.7385807
375,5,11.061422,64.52654,6.0364447,97.51892,92.88908,0.49443078,2.0571587
379,5,5.1563005,249.42186,50.059677,44.294086,37.649647,0.17722434,3.2864044
380,5,22.803898,293.2894,10.777814,51.628304,98.02146,0.21319064,1.3050406
386,5,9.403633,121.91153,7.000479,87.42864,97.97947,3.6814623,2.9365149
388,5,28.995993,141.2344,1.6197327,76.80354,92.075676,7.2914176,4.152443
389,5,18.976927,61.41068,2.555848,86.60012,99.32681,2.8926175,2.4110384
391,5,2.761616,47.563168,10.321879,69.884895,82.68609,1.9840804,1.1876532
397,5,2.3503792,26.599682,10.156348,67.91374,20.332684,8.756792,2.3415222
405,5,24.295765,504.6924,12.410148,84.77929,96.100746,0.14229105,1.6155941
406,5,7.253919,57.216167,7.466041,67.8062,93.34653,0.15095758,1.0427139
408,5,6.142396,159.3843,17.323006,85.277664,84.751564,0.15578486,2.1117938
410,5,2.5855904,94.74386,16.032772,95.04,51.68923,1.2243375,1.5169506
420,5,6.680049,63.32597,9.489498,78.61782,9.129379,0.9102328,2.1474082
423,5,5.4605904,120.72902,28.354069,64.59422,22.016548,0.32351807,2.4134834
432,5,26.230305,1150.2821,34.562534,73.366806,11.112444,0.10853222,2.7721345
444,5,4.5339108,84.19731,23.066517,69.732735,81.09904,0.2741361,0.9942526
448,5,3.9436135,109.34449,34.51281,70.93659,97.65428,0.17006677,1.2629198
449,5,6.651536,140.80775,18.791168,51.30139,94.41466,0.4957215,4.464694
451,5,3.4915333,14.102389,7.1424413,68.21228,66.0096,2.5605881,1.5142368
458,5,12.150453,152.66179,7.9119916,56.39869,96.8075,3.34201,3.2858498
462,5,11.3964815,935.01074,54.743267,48.37162,90.71808,0.017406514,1.7334297
473,5,5.960303,58.25263,8.57999,40.518993,85.014984,0.6165147,1.8278898
474,5,8.714219,751.014,28.733534,59.710323,96.51115,0.12813008,3.4929338
484,5,8.931928,112.56658,6.123156,57.808086,98.26434,1.4441949,1.4421273
487,5,13.867138,1374.9127,47.50843,74.900696,65.7376,0.0645906,2.5970206
489,5,8.838543,89.33434,6.060972,89.48419,75.04132,0.6044174,1.5499933
493,5,9.168095,109.236496,9.919757,71.94177,96.52946,0.5457796,2.511219
495,5,7.3779826,348.4171,30.753136,67.66064,60.65196,0.48216635,1.6046906
500,5,3.6983292,92.99592,26.86685,52.500916,83.93508,0.2992444,1.390706
503,5,6.673591,29.442978,4.2953153,84.91713,86.550354,8.301791,1.2150519
504,5,6.9574795,363.8384,48.668262,79.66945,18.312788,0.24757558,1.6801761
505,5,7.842931,138.95013,13.7741,75.38179,91.6083,2.7688885,2.2003784
516,5,12.701033,117.57233,5.490877,76.83235,98.53317,2.3459477,1.9576379
524,5,13.479102,1597.4467,56.88381,63.645916,98.0667,0.37452215,3.3279045
527,5,2.1420848,17.973808,5.314628,88.70446,46.17999,5.756152,1.4768573
529,5,10.825989,205.64943,7.8784084,41.59235,96.58974,5.0475535,3.0039747
541,5,8.111644,44.19844,4.0059843,75.80298,78.12394,4.204846,1.3440315
544,5,27.528534,275.6563,3.234046,40.555107,98.59655,1.4376706,5.2254353
548,5,8.72422,175.26329,10.600678,59.655514,77.08121,0.34123394,2.778476
549,5,5.478465,38.240776,6.7491817,45.99881,87.54802,0.28577054,1.5227828
551,5,12.029822,183.76797,13.4546795,28.488512,65.755646,0.1627436,2.8108103
556,5,9.186267,319.37915,20.056902,37.751938,71.21199,0.26470545,3.8420062
573,5,4.868741,119.9963,25.58878,86.83303,47.33816,7.0063863,1.1612309
574,5,11.773916,102.303795,5.240362,79.3431,77.68285,1.2838885,3.030184
576,5,33.537125,84.80566,2.6715991,54.566246,98.7603,0.82440895,3.8007033
588,5,9.541291,60.9964,3.6922965,62.45734,49.965084,3.0806642,1.2490348
589,5,30.600481,258.29587,3.760096,87.881516,98.21155,24.339367,2.1704626
592,5,12.038367,64.88245,5.017528,61.888092,92.13169,2.3355167,2.0590694
605,5,7.4428053,77.5425,4.41256,70.05179,96.46948,1.5706847,1.6661428
607,5,6.0855103,13.923049,2.1910276,85.24028,95.31755,1.3911113,1.2513041
609,5,13.29631,35.269577,1.1764638,58.54904,95.19001,2.6992404,2.587415
614,5,16.050095,35.330116,1.5080853,92.34143,99.33396,19.84406,1.9040314
618,5,7.127991,112.72149,10.572064,58.28909,98.86109,0.09524258,2.1291194
619,5,5.7109103,104.47897,9.946601,49.242317,86.66367,0.21210241,2.5372105
623,5,27.110523,386.11182,19.415956,9.281,35.41243,0.47432232,3.5218027
625,5,8.578878,154.60168,15.4256935,74.67264,17.501787,0.34224063,3.0050528
631,5,8.143736,67.62608,5.8977575,73.45123,98.34547,1.203368,2.317941
633,5,5.20364,50.794506,9.158158,94.31265,24.43434,18.74798,1.3311937
654,5,8.285423,435.77417,32.079987,47.058052,98.01899,2.10899,1.9672853
658,5,8.025396,104.23189,11.353995,52.76306,25.60043,2.7039702,1.735719
672,5,2.1682303,30.047047,14.55517,80.436295,64.2672,3.84489,0.52107346
677,5,8.364409,36.183537,2.821601,97.381775,16.36289,3.6459677,2.0051708
688,5,13.909305,85.04327,2.5931613,50.625225,87.462074,2.1714206,1.9680797
703,5,9.223084,41.28959,2.9903946,49.58742,91.24153,2.0006902,2.1782598
718,5,11.393003,136.97589,9.303513,43.44476,86.46013,0.09810545,1.6802874
719,5,158.60388,1351.6082,4.3816223,48.863647,99.28539,0.015644839,3.3919356
721,5,9.529559,67.58908,3.7868638,74.07717,79.83257,1.3490269,0.90796685
724,5,4.113568,32.58761,5.468667,60.08485,97.716286,0.43874583,1.4404693
728,5,14.233813,264.4067,9.783031,26.205454,73.08155,0.14794569,3.4098759
731,5,16.123142,281.37485,9.345639,25.422556,74.763794,0.12156207,3.433604
734,5,2.5731206,66.89566,24.232182,91.04,97.51493,1.3643008,2.2297695
747,5,7.086752,276.1187,39.13103,36.96696,91.57479,0.49737307,1.7494296
752,5,6.5371532,99.094055,10.108536,27.076263,87.26654,0.86763936,2.957578
761,5,10.224246,998.90155,105.91853,53.59164,92.16234,0.55866396,1.9128839
762,5,10.37455,333.94592,35.04534,46.16765,24.03419,0.14105664,2.6611438
763,5,9.098526,183.23145,14.70855,76.14746,92.841354,0.22742333,2.8241954
766,5,3.1815038,23.61936,4.595975,77.95509,76.66418,8.401542,1.2759675
774,5,4.1746693,66.17929,10.109596,68.102554,46.614803,2.7506988,1.6256214
775,5,9.926363,22.540977,0.99108404,60.532825,91.006256,2.9740834,1.6301109
793,5,5.042369,264.03333,29.467768,77.09738,85.21985,0.5020705,1.7954338
802,5,7.3412313,163.05466,13.052708,44.702766,94.4278,0.22928664,2.8397124
807,5,14.731759,901.7343,42.129387,49.992737,13.893848,2.0423758,1.7271576
812,5,5.042369,264.03333,29.467768,77.09738,85.21985,0.5020705,1.7954338
824,5,4.2193837,37.02013,6.49942,87.97089,37.05454,1.2035822,1.369368
827,5,3.4527962,76.555214,6.6844525,81.85588,82.87921,16.248331,1.0851535
828,5,14.623561,306.20917,13.883809,86.770966,57.51321,5.294936,2.6765091
831,5,10.464524,531.16595,34.304485,53.20264,34.94577,0.08992322,2.2099974
837,5,1.9018512,13.620721,6.6415415,85.78042,79.2579,12.637519,0.77791214
839,5,2.14713,51.904537,16.959671,47.829033,83.959175,1.510152,1.0970829
849,5,3.4949286,40.40625,6.4475436,93.97774,59.282528,1.127312,1.1739234
850,5,3.4949286,40.40625,6.4475436,93.97774,59.282528,1.127312,1.1739234
854,5,11.279964,88.361015,3.2626035,70.97213,96.11756,1.6750964,2.3939574
855,5,6.836799,475.59576,33.58265,51.923878,77.32907,1.1575586,1.3332092
872,5,7.395841,91.866196,7.0052385,61.701538,96.24363,0.9597121,1.0416917
879,5,2.9297183,27.862377,4.1995077,99.24745,11.661678,532.7195,2.1994746
882,5,15.311184,88.91242,3.8048515,68.127495,98.21572,1.1686583,2.2406201
883,5,6.0590453,111.20388,15.099965,56.857006,93.45123,0.2807069,2.188571
891,5,47.484245,1195.2601,25.76428,51.742348,98.28104,0.0077725495,1.5605571
898,5,4.5218296,72.55269,13.363018,72.29013,88.634926,0.30877593,1.1697459
900,5,6.1800113,78.57117,10.558084,54.480465,95.79618,0.17973182,1.0530384
902,5,7.350194,273.52658,30.380562,17.903772,59.082516,0.12598789,2.3826969
911,5,17.489767,263.58566,13.638698,24.906456,94.09666,0.4639491,1.2389625
916,5,7.3189993,33.926563,3.361859,72.41234,93.77012,1.1381484,2.2374957
917,5,7.2966294,32.60414,3.176635,70.35617,92.927376,1.2929478,2.1805372
922,5,13.725862,72.82132,3.2566292,61.311424,93.697365,2.16996,2.8001075
924,5,2.6911428,30.579054,7.5368996,98.47766,11.381757,86.72403,1.9752752
926,5,7.6074867,167.31122,11.925021,53.590588,64.99519,3.3171933,1.5202186
929,5,7.3779826,348.4171,30.753136,67.66064,60.65196,0.48216635,1.6046906
930,5,7.3779826,348.4171,30.753136,67.66064,60.65196,0.48216635,1.6046906
931,5,7.3779817,348.41672,30.75311,67.66063,60.651955,0.4821665,1.6046901
934,5,59.56587,121.00957,1.6499778,69.7176,89.96185,5.2411075,2.788409
942,5,2.9803848,71.96611,20.926367,91.88902,87.8168,0.84008455,1.8154054
943,5,4.4969025,37.22345,6.293194,89.5064,70.74755,17.674503,0.71397144
949,5,9.203077,349.03165,45.469166,72.23238,54.019093,0.2531283,0.8578248
955,5,2.261679,106.92704,69.550255,54.30377,51.29997,0.5434394,0.83604324
965,5,4.6653337,155.4501,21.857702,36.278893,89.56857,2.608116,2.155083
966,5,1.9794973,73.01216,36.440933,64.06486,95.21409,0.28010285,1.8553811
971,5,10.035736,45.388027,3.6228626,24.42045,95.8608,0.4153731,2.526374
980,5,30.002972,97.32246,1.4952893,55.667286,99.39716,2.3557549,3.4938185
983,5,49.732742,844.8271,9.934163,65.9493,98.562256,0.92141837,5.004826
991,5,11.583217,333.17337,19.895618,58.71,87.050705,0.20858794,1.4991107
995,5,4.974952,57.268036,5.05411,64.945786,74.780014,2.5342226,2.008302
998,5,16.227226,139.96947,5.5406485,46.77826,97.874214,1.5134742,2.044392
999,5,9.159353,486.09866,14.69623,46.072758,80.06424,1.4308549,3.9307902
1005,5,11.08758,122.06724,4.52626,35.730232,97.64432,0.5152176,3.3634415
1009,5,7.449731,152.49762,14.252376,56.884403,64.07402,0.1687478,1.0854019
1012,5,57.10938,2412.4255,27.304253,58.275414,99.250854,0.24322456,4.4135623
1013,5,4.4026012,83.05981,16.806452,99.13473,4.5005736,29.148466,1.23604
1016,5,6.3789062,152.65533,14.154178,64.77746,95.49417,3.5364788,2.3639371
1026,5,13.563512,758.0262,42.040207,61.61467,98.609566,0.059224702,2.131052
1031,5,14.120672,44.55275,5.2558866,86.022675,99.371605,1.2122053,1.9392757
1033,5,13.085255,53.105923,2.8904247,58.827267,97.919846,2.1510277,3.208265
1034,5,8.61922,333.3598,24.922915,58.04042,65.90524,0.31485486,2.1624575
1036,5,4.1342087,63.268776,10.446424,62.639015,65.15529,2.9438052,1.3026332
1037,5,6.917787,118.14267,12.9907465,91.05823,50.887,2.1188593,2.7956772
1040,5,46.83428,357.09125,1.9198102,30.414225,98.76993,0.29530615,5.400033
1042,5,17.317705,26.64455,0.9302671,52.438522,96.63309,2.3844347,2.7152178
1044,5,2.440783,42.102787,18.860216,75.29022,82.29072,4.401977,0.5765435
1052,5,51.604942,752.33325,6.552338,80.6932,97.404175,10.068704,2.2005332
1053,5,20.946815,249.73808,11.689027,76.45104,97.63853,0.117296465,2.252749
1056,5,9.715753,195.59683,12.405962,76.03052,95.97881,0.13994838,1.8434292
1064,5,7.3998756,43.63305,4.947979,68.4111,97.23725,2.2071567,2.8956466
1067,5,3.2426336,24.434118,7.1555004,72.50495,70.32654,12.434071,1.3718833
1074,5,48.791092,1161.8085,8.140544,53.872578,96.18168,0.57075846,6.331801
1076,5,7.326212,33.74806,2.540153,55.09604,92.794685,4.8233156,2.2339313
1080,5,13.392593,46.091434,1.753792,68.74717,89.38586,6.0582137,1.9022186
1085,5,16.917292,87.99887,2.2627318,88.42943,93.43966,9.9384575,1.6561872
1088,5,8.773877,182.06201,15.1451025,62.39184,59.26728,0.8203337,1.9761561
1092,5,34.679794,152.9948,2.247434,64.679276,98.770065,0.22177938,3.0522385
1104,5,39.56073,958.8691,27.19643,42.563927,97.00631,0.15985517,3.2861505
1107,5,1.7010425,23.693562,14.904509,83.56721,12.260726,4.7151213,1.4741688
1112,5,31.993816,749.61554,16.525057,35.86233,88.51608,0.01704926,3.7651052
1114,5,22.656652,198.69547,4.4679275,19.409334,98.86365,0.92751837,3.295147
1117,5,7.6913567,47.684807,4.8395114,37.15258,92.82918,0.43068382,2.092552
1126,5,6.134406,61.93667,10.3407345,48.445625,64.87346,0.64489913,1.2508875
1129,5,109.39234,363.73837,1.766474,54.28161,98.86427,4.419835,4.990092
1132,5,14.233232,120.25817,6.743085,43.503727,54.805477,0.078996755,1.300132
1136,5,3.9763224,201.17581,39.40684,25.55752,77.786255,0.29098696,1.9528679
1140,5,13.361434,473.16418,18.192303,43.877476,95.88793,0.5900111,3.442793
1146,5,5.173567,75.43227,10.107248,34.52149,33.87091,0.9768042,2.5140703
1151,5,9.698027,19.09436,1.237793,87.45116,97.22075,3.9791703,2.450975
1155,5,9.413137,29.236658,2.2186024,71.14405,97.363914,5.213942,3.1388085
1161,5,3.795663,12.355818,2.6455452,78.18347,82.75283,13.397428,1.7803236
1163,5,3.615629,328.70395,66.818184,64.89808,86.44628,0.16551179,1.1532449
1164,5,9.400286,83.979095,4.015943,72.29955,96.4219,8.027509,1.5179263
1165,5,7.253695,94.175896,9.760925,61.05476,54.387024,0.42492926,1.604737
1169,5,14.608219,40.423565,2.126803,91.29256,99.71136,7.127579,1.7158709
